occurences,sentiment,ticker,company,date,positive,negative,neutral,pos_pct_chg
4, 0   0   4 ,AA,Alcoa CorporationBasic Industries,2021-01-27 15:51:25.629759,0,0,4,
9, 7   1   1 ,AAL,"American Airlines Group, Inc.Transportation",2021-01-27 15:51:25.629759,7,1,1,
7, 5   2   0 ,AAL,"American Airlines Group, Inc.Transportation",2021-01-27 20:21:14.221254,5,2,0,-0.2857142857142857
89, 59   16   14 ,AAL,"American Airlines Group, Inc.Transportation",2021-01-28 06:47:30.585163,59,16,14,10.8
97, 62   20   15 ,AAL,"American Airlines Group, Inc.Transportation",2021-01-28 07:47:42.344612,62,20,15,0.05084745762711873
93, 59   19   15 ,AAL,"American Airlines Group, Inc.Transportation",2021-01-28 09:49:16.754258,59,19,15,-0.048387096774193505
44, 24   13   7 ,AAL,"American Airlines Group, Inc.Transportation",2021-01-28 11:21:44.499556,24,13,7,-0.5932203389830508
9, 2   5   2 ,AAL,"American Airlines Group, Inc.Transportation",2021-01-28 13:18:42.738858,2,5,2,-0.9166666666666666
10, 3   5   2 ,AAL,"American Airlines Group, Inc.Transportation",2021-01-28 14:45:46.981140,3,5,2,0.5
9, 6   2   1 ,AAL,"American Airlines Group, Inc.Transportation",2021-01-28 18:46:07.069920,6,2,1,1.0
9, 6   2   1 ,AAL,"American Airlines Group, Inc.Transportation",2021-01-28 18:57:36.935168,6,2,1,0.0
19, 11   3   5 ,AAL,"American Airlines Group, Inc.Transportation",2021-01-29 07:18:01.012766,11,3,5,0.8333333333333333
78, 35   35   8 ,AAPL,Apple Inc.Technology,2021-01-27 15:51:25.629759,35,35,8,
52, 23   22   7 ,AAPL,Apple Inc.Technology,2021-01-27 20:21:14.221254,23,22,7,-0.34285714285714286
24, 14   7   3 ,AAPL,Apple Inc.Technology,2021-01-28 06:47:30.585163,14,7,3,-0.3913043478260869
23, 15   6   2 ,AAPL,Apple Inc.Technology,2021-01-28 07:47:42.344612,15,6,2,0.0714285714285714
8, 6   1   1 ,AAPL,Apple Inc.Technology,2021-01-28 09:49:16.754258,6,1,1,-0.6
11, 6   4   1 ,AAPL,Apple Inc.Technology,2021-01-28 11:21:44.499556,6,4,1,0.0
15, 7   8   0 ,AAPL,Apple Inc.Technology,2021-01-28 13:18:42.738858,7,8,0,0.16666666666666674
18, 6   10   2 ,AAPL,Apple Inc.Technology,2021-01-28 14:45:46.981140,6,10,2,-0.1428571428571429
15, 2   10   3 ,AAPL,Apple Inc.Technology,2021-01-28 18:46:07.069920,2,10,3,-0.6666666666666667
15, 2   10   3 ,AAPL,Apple Inc.Technology,2021-01-28 18:57:36.935168,2,10,3,0.0
20, 12   7   1 ,AAPL,Apple Inc.Technology,2021-01-29 07:18:01.012766,12,7,1,5.0
8, 1   2   5 ,ACB,Aurora Cannabis Inc.Consumer Durables,2021-01-27 15:51:25.629759,1,2,5,
5, 3   0   2 ,ACB,Aurora Cannabis Inc.Consumer Durables,2021-01-28 06:47:30.585163,3,0,2,2.0
5, 3   0   2 ,ACB,Aurora Cannabis Inc.Consumer Durables,2021-01-28 07:47:42.344612,3,0,2,0.0
5, 3   0   2 ,ACB,Aurora Cannabis Inc.Consumer Durables,2021-01-28 09:49:16.754258,3,0,2,0.0
4, 0   1   3 ,ACH,Aluminum Corporation of China LimitedBasic Industries,2021-01-28 14:45:46.981140,0,1,3,
5, 0   0   5 ,ACH,Aluminum Corporation of China LimitedBasic Industries,2021-01-28 18:46:07.069920,0,0,5,
5, 0   0   5 ,ACH,Aluminum Corporation of China LimitedBasic Industries,2021-01-28 18:57:36.935168,0,0,5,
5, 4   1   0 ,AG,First Majestic Silver Corp.Basic Industries,2021-01-27 15:51:25.629759,4,1,0,
14, 9   3   2 ,AG,First Majestic Silver Corp.Basic Industries,2021-01-27 20:21:14.221254,9,3,2,1.25
16, 11   2   3 ,AG,First Majestic Silver Corp.Basic Industries,2021-01-28 06:47:30.585163,11,2,3,0.22222222222222232
16, 10   2   4 ,AG,First Majestic Silver Corp.Basic Industries,2021-01-28 07:47:42.344612,10,2,4,-0.09090909090909094
14, 8   2   4 ,AG,First Majestic Silver Corp.Basic Industries,2021-01-28 09:49:16.754258,8,2,4,-0.19999999999999996
13, 7   2   4 ,AG,First Majestic Silver Corp.Basic Industries,2021-01-28 11:21:44.499556,7,2,4,-0.125
7, 3   2   2 ,AG,First Majestic Silver Corp.Basic Industries,2021-01-28 13:18:42.738858,3,2,2,-0.5714285714285714
11, 4   2   5 ,AG,First Majestic Silver Corp.Basic Industries,2021-01-28 14:45:46.981140,4,2,5,0.33333333333333326
10, 5   1   4 ,AG,First Majestic Silver Corp.Basic Industries,2021-01-28 18:46:07.069920,5,1,4,0.25
10, 5   1   4 ,AG,First Majestic Silver Corp.Basic Industries,2021-01-28 18:57:36.935168,5,1,4,0.0
20, 9   5   6 ,AG,First Majestic Silver Corp.Basic Industries,2021-01-29 07:18:01.012766,9,5,6,0.8
3, 2   0   1 ,AI,C3.ai Inc.Technology,2021-01-27 15:51:25.629759,2,0,1,
3, 1   1   1 ,AIR,AAR Corp.Capital Goods,2021-01-27 15:51:25.629759,1,1,1,
3, 3   0   0 ,ALE,"Allete, Inc.Public Utilities",2021-01-29 07:18:01.012766,3,0,0,
5, 3   0   2 ,ALOT,"AstroNova, Inc.Technology",2021-01-29 07:18:01.012766,3,0,2,
2275, 1368   307   600 ,AMC,"AMC Entertainment Holdings, Inc.Consumer Services",2021-01-27 15:51:25.629759,1368,307,600,
1282, 686   219   377 ,AMC,"AMC Entertainment Holdings, Inc.Consumer Services",2021-01-27 20:21:14.221254,686,219,377,-0.4985380116959064
1645, 858   340   447 ,AMC,"AMC Entertainment Holdings, Inc.Consumer Services",2021-01-28 06:47:30.585163,858,340,447,0.25072886297376096
1573, 830   335   408 ,AMC,"AMC Entertainment Holdings, Inc.Consumer Services",2021-01-28 07:47:42.344612,830,335,408,-0.03263403263403264
1150, 598   250   302 ,AMC,"AMC Entertainment Holdings, Inc.Consumer Services",2021-01-28 09:49:16.754258,598,250,302,-0.2795180722891566
905, 478   192   235 ,AMC,"AMC Entertainment Holdings, Inc.Consumer Services",2021-01-28 11:21:44.499556,478,192,235,-0.2006688963210702
882, 469   164   249 ,AMC,"AMC Entertainment Holdings, Inc.Consumer Services",2021-01-28 13:18:42.738858,469,164,249,-0.01882845188284521
942, 498   173   271 ,AMC,"AMC Entertainment Holdings, Inc.Consumer Services",2021-01-28 14:45:46.981140,498,173,271,0.061833688699360234
783, 394   153   236 ,AMC,"AMC Entertainment Holdings, Inc.Consumer Services",2021-01-28 18:46:07.069920,394,153,236,-0.2088353413654619
770, 390   149   231 ,AMC,"AMC Entertainment Holdings, Inc.Consumer Services",2021-01-28 18:57:36.935168,390,149,231,-0.010152284263959421
1426, 852   204   370 ,AMC,"AMC Entertainment Holdings, Inc.Consumer Services",2021-01-29 07:18:01.012766,852,204,370,1.1846153846153844
4, 1   1   2 ,AMCX,AMC Networks Inc.Consumer Services,2021-01-27 15:51:25.629759,1,1,2,
4, 1   2   1 ,AMCX,AMC Networks Inc.Consumer Services,2021-01-27 20:21:14.221254,1,2,1,0.0
7, 6   1   0 ,AMCX,AMC Networks Inc.Consumer Services,2021-01-28 06:47:30.585163,6,1,0,5.0
5, 4   1   0 ,AMCX,AMC Networks Inc.Consumer Services,2021-01-28 07:47:42.344612,4,1,0,-0.33333333333333337
4, 2   1   1 ,AMCX,AMC Networks Inc.Consumer Services,2021-01-28 09:49:16.754258,2,1,1,-0.5
5, 3   1   1 ,AMCX,AMC Networks Inc.Consumer Services,2021-01-28 11:21:44.499556,3,1,1,0.5
6, 3   1   2 ,AMCX,AMC Networks Inc.Consumer Services,2021-01-28 13:18:42.738858,3,1,2,0.0
6, 3   1   2 ,AMCX,AMC Networks Inc.Consumer Services,2021-01-28 14:45:46.981140,3,1,2,0.0
19, 15   3   1 ,AMD,"Advanced Micro Devices, Inc.Technology",2021-01-27 15:51:25.629759,15,3,1,
20, 10   7   3 ,AMD,"Advanced Micro Devices, Inc.Technology",2021-01-27 20:21:14.221254,10,7,3,-0.33333333333333337
14, 10   4   0 ,AMD,"Advanced Micro Devices, Inc.Technology",2021-01-28 06:47:30.585163,10,4,0,0.0
11, 8   3   0 ,AMD,"Advanced Micro Devices, Inc.Technology",2021-01-28 07:47:42.344612,8,3,0,-0.19999999999999996
7, 6   1   0 ,AMD,"Advanced Micro Devices, Inc.Technology",2021-01-28 09:49:16.754258,6,1,0,-0.25
6, 5   1   0 ,AMD,"Advanced Micro Devices, Inc.Technology",2021-01-28 11:21:44.499556,5,1,0,-0.16666666666666663
10, 6   2   2 ,AMD,"Advanced Micro Devices, Inc.Technology",2021-01-28 13:18:42.738858,6,2,2,0.19999999999999996
13, 8   3   2 ,AMD,"Advanced Micro Devices, Inc.Technology",2021-01-28 14:45:46.981140,8,3,2,0.33333333333333326
8, 6   2   0 ,AMD,"Advanced Micro Devices, Inc.Technology",2021-01-28 18:46:07.069920,6,2,0,-0.25
9, 7   2   0 ,AMD,"Advanced Micro Devices, Inc.Technology",2021-01-28 18:57:36.935168,7,2,0,0.16666666666666674
21, 14   6   1 ,AMD,"Advanced Micro Devices, Inc.Technology",2021-01-29 07:18:01.012766,14,6,1,1.0
4, 0   3   1 ,AMZN,"Amazon.com, Inc.Consumer Services",2021-01-27 15:51:25.629759,0,3,1,
7, 3   3   1 ,AMZN,"Amazon.com, Inc.Consumer Services",2021-01-28 06:47:30.585163,3,3,1,inf
7, 3   3   1 ,AMZN,"Amazon.com, Inc.Consumer Services",2021-01-28 07:47:42.344612,3,3,1,0.0
3, 1   1   1 ,AMZN,"Amazon.com, Inc.Consumer Services",2021-01-28 09:49:16.754258,1,1,1,-0.6666666666666667
3, 2   0   1 ,AMZN,"Amazon.com, Inc.Consumer Services",2021-01-28 13:18:42.738858,2,0,1,1.0
3, 2   0   1 ,AMZN,"Amazon.com, Inc.Consumer Services",2021-01-28 14:45:46.981140,2,0,1,0.0
4, 2   2   0 ,AMZN,"Amazon.com, Inc.Consumer Services",2021-01-28 18:46:07.069920,2,2,0,0.0
3, 1   2   0 ,AMZN,"Amazon.com, Inc.Consumer Services",2021-01-28 18:57:36.935168,1,2,0,-0.5
11, 6   1   4 ,AN,"AutoNation, Inc.Consumer Durables",2021-01-27 15:51:25.629759,6,1,4,
6, 5   1   0 ,AN,"AutoNation, Inc.Consumer Durables",2021-01-27 20:21:14.221254,5,1,0,-0.16666666666666663
13, 9   3   1 ,AN,"AutoNation, Inc.Consumer Durables",2021-01-28 06:47:30.585163,9,3,1,0.8
12, 9   2   1 ,AN,"AutoNation, Inc.Consumer Durables",2021-01-28 07:47:42.344612,9,2,1,0.0
10, 7   1   2 ,AN,"AutoNation, Inc.Consumer Durables",2021-01-28 09:49:16.754258,7,1,2,-0.2222222222222222
9, 7   0   2 ,AN,"AutoNation, Inc.Consumer Durables",2021-01-28 11:21:44.499556,7,0,2,0.0
16, 9   1   6 ,AN,"AutoNation, Inc.Consumer Durables",2021-01-28 13:18:42.738858,9,1,6,0.2857142857142858
19, 10   1   8 ,AN,"AutoNation, Inc.Consumer Durables",2021-01-28 14:45:46.981140,10,1,8,0.11111111111111116
21, 12   2   7 ,AN,"AutoNation, Inc.Consumer Durables",2021-01-28 18:46:07.069920,12,2,7,0.19999999999999996
19, 11   1   7 ,AN,"AutoNation, Inc.Consumer Durables",2021-01-28 18:57:36.935168,11,1,7,-0.08333333333333337
38, 29   6   3 ,AN,"AutoNation, Inc.Consumer Durables",2021-01-29 07:18:01.012766,29,6,3,1.6363636363636362
56, 2   33   21 ,ANY,Sphere 3D Corp.Technology,2021-01-27 15:51:25.629759,2,33,21,
6, 3   3   0 ,ANY,Sphere 3D Corp.Technology,2021-01-27 20:21:14.221254,3,3,0,0.5
6, 2   2   2 ,APHA,Aphria Inc.Consumer Durables,2021-01-27 20:21:14.221254,2,2,2,
3, 3   0   0 ,APHA,Aphria Inc.Consumer Durables,2021-01-28 06:47:30.585163,3,0,0,0.5
4, 3   1   0 ,APPS,"Digital Turbine, Inc.Miscellaneous",2021-01-28 07:47:42.344612,3,1,0,
5, 4   1   0 ,APPS,"Digital Turbine, Inc.Miscellaneous",2021-01-28 09:49:16.754258,4,1,0,0.33333333333333326
5, 3   1   1 ,APPS,"Digital Turbine, Inc.Miscellaneous",2021-01-28 11:21:44.499556,3,1,1,-0.25
3, 2   0   1 ,APPS,"Digital Turbine, Inc.Miscellaneous",2021-01-28 13:18:42.738858,2,0,1,-0.33333333333333337
4, 2   1   1 ,ATOS,"Atossa Therapeutics, Inc.Health Care",2021-01-27 15:51:25.629759,2,1,1,
6, 4   1   1 ,ATOS,"Atossa Therapeutics, Inc.Health Care",2021-01-27 20:21:14.221254,4,1,1,1.0
3, 2   0   1 ,ATOS,"Atossa Therapeutics, Inc.Health Care",2021-01-28 06:47:30.585163,2,0,1,-0.5
4, 3   0   1 ,ATOS,"Atossa Therapeutics, Inc.Health Care",2021-01-28 07:47:42.344612,3,0,1,0.5
4, 3   0   1 ,ATOS,"Atossa Therapeutics, Inc.Health Care",2021-01-28 09:49:16.754258,3,0,1,0.0
3, 2   0   1 ,ATOS,"Atossa Therapeutics, Inc.Health Care",2021-01-28 11:21:44.499556,2,0,1,-0.33333333333333337
3, 2   1   0 ,AYRO,"AYRO, Inc.Consumer Services",2021-01-28 06:47:30.585163,2,1,0,
3, 2   1   0 ,AYRO,"AYRO, Inc.Consumer Services",2021-01-28 07:47:42.344612,2,1,0,0.0
3, 2   1   0 ,AYRO,"AYRO, Inc.Consumer Services",2021-01-28 09:49:16.754258,2,1,0,0.0
3, 2   1   0 ,BA,Boeing Company (The)Capital Goods,2021-01-27 20:21:14.221254,2,1,0,
1580, 1056   156   368 ,BB,BlackBerry LimitedTechnology,2021-01-27 15:51:25.629759,1056,156,368,
790, 446   103   241 ,BB,BlackBerry LimitedTechnology,2021-01-27 20:21:14.221254,446,103,241,-0.5776515151515151
1067, 621   146   300 ,BB,BlackBerry LimitedTechnology,2021-01-28 06:47:30.585163,621,146,300,0.3923766816143497
972, 573   133   266 ,BB,BlackBerry LimitedTechnology,2021-01-28 07:47:42.344612,573,133,266,-0.07729468599033817
630, 360   97   173 ,BB,BlackBerry LimitedTechnology,2021-01-28 09:49:16.754258,360,97,173,-0.3717277486910995
409, 218   68   123 ,BB,BlackBerry LimitedTechnology,2021-01-28 11:21:44.499556,218,68,123,-0.3944444444444445
355, 194   61   100 ,BB,BlackBerry LimitedTechnology,2021-01-28 13:18:42.738858,194,61,100,-0.11009174311926606
363, 198   68   97 ,BB,BlackBerry LimitedTechnology,2021-01-28 14:45:46.981140,198,68,97,0.020618556701030855
352, 182   68   102 ,BB,BlackBerry LimitedTechnology,2021-01-28 18:46:07.069920,182,68,102,-0.08080808080808077
343, 178   68   97 ,BB,BlackBerry LimitedTechnology,2021-01-28 18:57:36.935168,178,68,97,-0.02197802197802201
708, 437   90   181 ,BB,BlackBerry LimitedTechnology,2021-01-29 07:18:01.012766,437,90,181,1.4550561797752808
63, 36   15   12 ,BBBY,Bed Bath & Beyond Inc.Consumer Services,2021-01-27 15:51:25.629759,36,15,12,
44, 17   12   15 ,BBBY,Bed Bath & Beyond Inc.Consumer Services,2021-01-27 20:21:14.221254,17,12,15,-0.5277777777777778
51, 28   12   11 ,BBBY,Bed Bath & Beyond Inc.Consumer Services,2021-01-28 06:47:30.585163,28,12,11,0.6470588235294117
56, 29   14   13 ,BBBY,Bed Bath & Beyond Inc.Consumer Services,2021-01-28 07:47:42.344612,29,14,13,0.03571428571428581
35, 16   9   10 ,BBBY,Bed Bath & Beyond Inc.Consumer Services,2021-01-28 09:49:16.754258,16,9,10,-0.4482758620689655
20, 9   4   7 ,BBBY,Bed Bath & Beyond Inc.Consumer Services,2021-01-28 11:21:44.499556,9,4,7,-0.4375
15, 6   4   5 ,BBBY,Bed Bath & Beyond Inc.Consumer Services,2021-01-28 13:18:42.738858,6,4,5,-0.33333333333333337
18, 5   6   7 ,BBBY,Bed Bath & Beyond Inc.Consumer Services,2021-01-28 14:45:46.981140,5,6,7,-0.16666666666666663
17, 5   7   5 ,BBBY,Bed Bath & Beyond Inc.Consumer Services,2021-01-28 18:46:07.069920,5,7,5,0.0
18, 6   7   5 ,BBBY,Bed Bath & Beyond Inc.Consumer Services,2021-01-28 18:57:36.935168,6,7,5,0.19999999999999996
22, 10   6   6 ,BBBY,Bed Bath & Beyond Inc.Consumer Services,2021-01-29 07:18:01.012766,10,6,6,0.6666666666666667
3, 1   0   2 ,BBC,Virtus LifeSci Biotech Clinical Trials ETFn/a,2021-01-27 15:51:25.629759,1,0,2,
3, 1   0   2 ,BBC,Virtus LifeSci Biotech Clinical Trials ETFn/a,2021-01-29 07:18:01.012766,1,0,2,0.0
15, 9   3   3 ,BBW,"Build-A-Bear Workshop, Inc.Consumer Services",2021-01-27 15:51:25.629759,9,3,3,
6, 3   2   1 ,BBW,"Build-A-Bear Workshop, Inc.Consumer Services",2021-01-27 20:21:14.221254,3,2,1,-0.6666666666666667
7, 3   2   2 ,BBW,"Build-A-Bear Workshop, Inc.Consumer Services",2021-01-28 06:47:30.585163,3,2,2,0.0
8, 4   2   2 ,BBW,"Build-A-Bear Workshop, Inc.Consumer Services",2021-01-28 07:47:42.344612,4,2,2,0.33333333333333326
4, 1   1   2 ,BBW,"Build-A-Bear Workshop, Inc.Consumer Services",2021-01-28 09:49:16.754258,1,1,2,-0.75
3, 2   0   1 ,BBW,"Build-A-Bear Workshop, Inc.Consumer Services",2021-01-28 13:18:42.738858,2,0,1,1.0
3, 2   0   1 ,BBW,"Build-A-Bear Workshop, Inc.Consumer Services",2021-01-28 14:45:46.981140,2,0,1,0.0
6, 4   0   2 ,BBY,"Best Buy Co., Inc.Consumer Services",2021-01-27 15:51:25.629759,4,0,2,
3, 2   1   0 ,BBY,"Best Buy Co., Inc.Consumer Services",2021-01-28 06:47:30.585163,2,1,0,-0.5
3, 2   1   0 ,BBY,"Best Buy Co., Inc.Consumer Services",2021-01-28 07:47:42.344612,2,1,0,0.0
3, 2   1   0 ,BBY,"Best Buy Co., Inc.Consumer Services",2021-01-28 09:49:16.754258,2,1,0,0.0
3, 1   1   1 ,BBY,"Best Buy Co., Inc.Consumer Services",2021-01-29 07:18:01.012766,1,1,1,-0.5
5, 1   1   3 ,BEAT,"BioTelemetry, Inc.Health Care",2021-01-28 07:47:42.344612,1,1,3,
5, 1   1   3 ,BEAT,"BioTelemetry, Inc.Health Care",2021-01-28 09:49:16.754258,1,1,3,0.0
5, 1   1   3 ,BEAT,"BioTelemetry, Inc.Health Care",2021-01-28 11:21:44.499556,1,1,3,0.0
3, 2   0   1 ,BEST,BEST Inc.Transportation,2021-01-27 15:51:25.629759,2,0,1,
4, 2   0   2 ,BEST,BEST Inc.Transportation,2021-01-28 06:47:30.585163,2,0,2,0.0
4, 2   0   2 ,BEST,BEST Inc.Transportation,2021-01-28 07:47:42.344612,2,0,2,0.0
3, 0   1   2 ,BEST,BEST Inc.Transportation,2021-01-28 11:21:44.499556,0,1,2,-1.0
4, 2   1   1 ,BEST,BEST Inc.Transportation,2021-01-28 13:18:42.738858,2,1,1,inf
4, 2   1   1 ,BEST,BEST Inc.Transportation,2021-01-28 14:45:46.981140,2,1,1,0.0
6, 4   2   0 ,BEST,BEST Inc.Transportation,2021-01-28 18:46:07.069920,4,2,0,1.0
6, 4   2   0 ,BEST,BEST Inc.Transportation,2021-01-28 18:57:36.935168,4,2,0,0.0
4, 2   0   2 ,BEST,BEST Inc.Transportation,2021-01-29 07:18:01.012766,2,0,2,-0.5
29, 22   7   0 ,BIG,"Big Lots, Inc.Consumer Services",2021-01-27 15:51:25.629759,22,7,0,
12, 7   3   2 ,BIG,"Big Lots, Inc.Consumer Services",2021-01-27 20:21:14.221254,7,3,2,-0.6818181818181819
3, 2   0   1 ,BIO,"Bio-Rad Laboratories, Inc.Capital Goods",2021-01-29 07:18:01.012766,2,0,1,
3, 3   0   0 ,BIOL,"Biolase, Inc.Health Care",2021-01-28 06:47:30.585163,3,0,0,
3, 3   0   0 ,BIOL,"Biolase, Inc.Health Care",2021-01-28 07:47:42.344612,3,0,0,0.0
4, 2   0   2 ,BNGO,"Bionano Genomics, Inc.Capital Goods",2021-01-27 15:51:25.629759,2,0,2,
5, 3   0   2 ,BNGO,"Bionano Genomics, Inc.Capital Goods",2021-01-27 20:21:14.221254,3,0,2,0.5
7, 4   2   1 ,BNGO,"Bionano Genomics, Inc.Capital Goods",2021-01-28 06:47:30.585163,4,2,1,0.33333333333333326
7, 4   2   1 ,BNGO,"Bionano Genomics, Inc.Capital Goods",2021-01-28 07:47:42.344612,4,2,1,0.0
5, 3   1   1 ,BNGO,"Bionano Genomics, Inc.Capital Goods",2021-01-28 09:49:16.754258,3,1,1,-0.25
10, 7   1   2 ,BOOM,DMC Global Inc.Capital Goods,2021-01-27 15:51:25.629759,7,1,2,
3, 2   0   1 ,BOOM,DMC Global Inc.Capital Goods,2021-01-28 06:47:30.585163,2,0,1,-0.7142857142857143
4, 3   0   1 ,BOOM,DMC Global Inc.Capital Goods,2021-01-28 07:47:42.344612,3,0,1,0.5
3, 2   0   1 ,BOOM,DMC Global Inc.Capital Goods,2021-01-28 18:46:07.069920,2,0,1,-0.33333333333333337
3, 2   0   1 ,BOOM,DMC Global Inc.Capital Goods,2021-01-28 18:57:36.935168,2,0,1,0.0
3, 2   0   1 ,BTE,Baytex Energy CorpEnergy,2021-01-27 15:51:25.629759,2,0,1,
21, 14   2   5 ,BY,"Byline Bancorp, Inc.Finance",2021-01-27 15:51:25.629759,14,2,5,
8, 6   2   0 ,BY,"Byline Bancorp, Inc.Finance",2021-01-27 20:21:14.221254,6,2,0,-0.5714285714285714
3, 2   1   0 ,CARE,"Carter Bankshares, Inc.n/a",2021-01-28 14:45:46.981140,2,1,0,
3, 2   1   0 ,CARE,"Carter Bankshares, Inc.n/a",2021-01-28 18:46:07.069920,2,1,0,0.0
3, 2   1   0 ,CARE,"Carter Bankshares, Inc.n/a",2021-01-28 18:57:36.935168,2,1,0,0.0
3, 1   1   1 ,CARE,"Carter Bankshares, Inc.n/a",2021-01-29 07:18:01.012766,1,1,1,-0.5
6, 4   2   0 ,CASH,"Meta Financial Group, Inc.Finance",2021-01-28 06:47:30.585163,4,2,0,
7, 5   2   0 ,CASH,"Meta Financial Group, Inc.Finance",2021-01-28 07:47:42.344612,5,2,0,0.25
11, 9   2   0 ,CASH,"Meta Financial Group, Inc.Finance",2021-01-28 09:49:16.754258,9,2,0,0.8
13, 10   2   1 ,CASH,"Meta Financial Group, Inc.Finance",2021-01-28 11:21:44.499556,10,2,1,0.11111111111111116
12, 10   1   1 ,CASH,"Meta Financial Group, Inc.Finance",2021-01-28 13:18:42.738858,10,1,1,0.0
10, 7   2   1 ,CASH,"Meta Financial Group, Inc.Finance",2021-01-28 14:45:46.981140,7,2,1,-0.30000000000000004
5, 0   2   3 ,CASH,"Meta Financial Group, Inc.Finance",2021-01-28 18:46:07.069920,0,2,3,-1.0
5, 0   2   3 ,CASH,"Meta Financial Group, Inc.Finance",2021-01-28 18:57:36.935168,0,2,3,
7, 3   2   2 ,CASH,"Meta Financial Group, Inc.Finance",2021-01-29 07:18:01.012766,3,2,2,inf
3, 1   1   1 ,CCIV,Churchill Capital Corp IVFinance,2021-01-27 15:51:25.629759,1,1,1,
4, 0   3   1 ,CCIV,Churchill Capital Corp IVFinance,2021-01-28 06:47:30.585163,0,3,1,-1.0
3, 0   2   1 ,CCIV,Churchill Capital Corp IVFinance,2021-01-28 07:47:42.344612,0,2,1,
3, 3   0   0 ,CCIV,Churchill Capital Corp IVFinance,2021-01-29 07:18:01.012766,3,0,0,inf
6, 4   0   2 ,CCL,Carnival CorporationConsumer Services,2021-01-27 15:51:25.629759,4,0,2,
16, 12   2   2 ,CCL,Carnival CorporationConsumer Services,2021-01-28 06:47:30.585163,12,2,2,2.0
16, 12   2   2 ,CCL,Carnival CorporationConsumer Services,2021-01-28 07:47:42.344612,12,2,2,0.0
16, 12   2   2 ,CCL,Carnival CorporationConsumer Services,2021-01-28 09:49:16.754258,12,2,2,0.0
8, 5   1   2 ,CCL,Carnival CorporationConsumer Services,2021-01-28 11:21:44.499556,5,1,2,-0.5833333333333333
3, 2   0   1 ,CCL,Carnival CorporationConsumer Services,2021-01-28 14:45:46.981140,2,0,1,-0.6
4, 3   0   1 ,CCL,Carnival CorporationConsumer Services,2021-01-29 07:18:01.012766,3,0,1,0.5
3, 1   2   0 ,CD,Chindata Group Holdings Limitedn/a,2021-01-27 20:21:14.221254,1,2,0,
3, 3   0   0 ,CGC,Canopy Growth CorporationConsumer Durables,2021-01-28 07:47:42.344612,3,0,0,
3, 3   0   0 ,CGC,Canopy Growth CorporationConsumer Durables,2021-01-28 09:49:16.754258,3,0,0,0.0
7, 4   1   2 ,CLVS,"Clovis Oncology, Inc.Health Care",2021-01-27 15:51:25.629759,4,1,2,
4, 3   0   1 ,CLVS,"Clovis Oncology, Inc.Health Care",2021-01-28 06:47:30.585163,3,0,1,-0.25
5, 3   1   1 ,CLVS,"Clovis Oncology, Inc.Health Care",2021-01-28 07:47:42.344612,3,1,1,0.0
5, 3   1   1 ,CLVS,"Clovis Oncology, Inc.Health Care",2021-01-28 09:49:16.754258,3,1,1,0.0
3, 2   1   0 ,CLVS,"Clovis Oncology, Inc.Health Care",2021-01-28 11:21:44.499556,2,1,0,-0.33333333333333337
4, 1   0   3 ,CMC,Commercial Metals CompanyBasic Industries,2021-01-28 18:46:07.069920,1,0,3,
4, 1   0   3 ,CMC,Commercial Metals CompanyBasic Industries,2021-01-28 18:57:36.935168,1,0,3,0.0
3, 2   1   0 ,CRBP,"Corbus Pharmaceuticals Holdings, Inc.Health Care",2021-01-28 11:21:44.499556,2,1,0,
3, 2   1   0 ,CRBP,"Corbus Pharmaceuticals Holdings, Inc.Health Care",2021-01-28 13:18:42.738858,2,1,0,0.0
3, 2   1   0 ,CRBP,"Corbus Pharmaceuticals Holdings, Inc.Health Care",2021-01-28 14:45:46.981140,2,1,0,0.0
7, 7   0   0 ,CRSR,"Corsair Gaming, Inc.Technology",2021-01-27 15:51:25.629759,7,0,0,
8, 5   1   2 ,CRSR,"Corsair Gaming, Inc.Technology",2021-01-27 20:21:14.221254,5,1,2,-0.2857142857142857
8, 6   1   1 ,CRSR,"Corsair Gaming, Inc.Technology",2021-01-28 06:47:30.585163,6,1,1,0.19999999999999996
6, 5   1   0 ,CRSR,"Corsair Gaming, Inc.Technology",2021-01-28 07:47:42.344612,5,1,0,-0.16666666666666663
3, 3   0   0 ,CRSR,"Corsair Gaming, Inc.Technology",2021-01-28 09:49:16.754258,3,0,0,-0.4
3, 2   0   1 ,CRSR,"Corsair Gaming, Inc.Technology",2021-01-28 11:21:44.499556,2,0,1,-0.33333333333333337
3, 2   0   1 ,CRSR,"Corsair Gaming, Inc.Technology",2021-01-28 13:18:42.738858,2,0,1,0.0
3, 2   0   1 ,CRSR,"Corsair Gaming, Inc.Technology",2021-01-28 14:45:46.981140,2,0,1,0.0
7, 6   0   1 ,CRSR,"Corsair Gaming, Inc.Technology",2021-01-29 07:18:01.012766,6,0,1,2.0
3, 2   0   1 ,CRY,"CryoLife, Inc.Health Care",2021-01-27 20:21:14.221254,2,0,1,
3, 2   0   1 ,CRY,"CryoLife, Inc.Health Care",2021-01-29 07:18:01.012766,2,0,1,0.0
16, 11   3   2 ,CTRM,Castor Maritime Inc.Transportation,2021-01-27 15:51:25.629759,11,3,2,
7, 4   3   0 ,CTRM,Castor Maritime Inc.Transportation,2021-01-27 20:21:14.221254,4,3,0,-0.6363636363636364
13, 7   3   3 ,CTRM,Castor Maritime Inc.Transportation,2021-01-28 06:47:30.585163,7,3,3,0.75
14, 7   4   3 ,CTRM,Castor Maritime Inc.Transportation,2021-01-28 07:47:42.344612,7,4,3,0.0
13, 7   3   3 ,CTRM,Castor Maritime Inc.Transportation,2021-01-28 09:49:16.754258,7,3,3,0.0
6, 2   2   2 ,CTRM,Castor Maritime Inc.Transportation,2021-01-28 11:21:44.499556,2,2,2,-0.7142857142857143
3, 1   0   2 ,CUK,Carnival CorporationConsumer Services,2021-01-27 15:51:25.629759,1,0,2,
4, 4   0   0 ,CUZ,Cousins Properties IncorporatedConsumer Services,2021-01-27 15:51:25.629759,4,0,0,
5, 3   1   1 ,CVM,Cel-Sci CorporationHealth Care,2021-01-28 06:47:30.585163,3,1,1,
4, 3   1   0 ,CVM,Cel-Sci CorporationHealth Care,2021-01-28 07:47:42.344612,3,1,0,0.0
4, 3   1   0 ,CVM,Cel-Sci CorporationHealth Care,2021-01-28 09:49:16.754258,3,1,0,0.0
3, 2   1   0 ,CVM,Cel-Sci CorporationHealth Care,2021-01-28 11:21:44.499556,2,1,0,-0.33333333333333337
3, 3   0   0 ,DARE,"Dare Bioscience, Inc.Health Care",2021-01-29 07:18:01.012766,3,0,0,
3, 2   1   0 ,DBX,"Dropbox, Inc.Technology",2021-01-27 15:51:25.629759,2,1,0,
3, 2   1   0 ,DDS,"Dillard's, Inc.Consumer Services",2021-01-27 15:51:25.629759,2,1,0,
3, 1   2   0 ,DDS,"Dillard's, Inc.Consumer Services",2021-01-27 20:21:14.221254,1,2,0,-0.5
4, 2   2   0 ,DIS,Walt Disney Company (The)Consumer Services,2021-01-28 06:47:30.585163,2,2,0,
4, 2   2   0 ,DIS,Walt Disney Company (The)Consumer Services,2021-01-28 07:47:42.344612,2,2,0,0.0
4, 2   0   2 ,DOOR,Masonite International CorporationBasic Industries,2021-01-27 15:51:25.629759,2,0,2,
6, 2   1   3 ,DOOR,Masonite International CorporationBasic Industries,2021-01-28 06:47:30.585163,2,1,3,0.0
6, 2   1   3 ,DOOR,Masonite International CorporationBasic Industries,2021-01-28 07:47:42.344612,2,1,3,0.0
4, 1   1   2 ,DOOR,Masonite International CorporationBasic Industries,2021-01-28 09:49:16.754258,1,1,2,-0.5
3, 0   0   3 ,DOOR,Masonite International CorporationBasic Industries,2021-01-28 11:21:44.499556,0,0,3,-1.0
3, 1   0   2 ,DOOR,Masonite International CorporationBasic Industries,2021-01-28 18:46:07.069920,1,0,2,inf
3, 1   0   2 ,DOOR,Masonite International CorporationBasic Industries,2021-01-28 18:57:36.935168,1,0,2,0.0
7, 4   1   2 ,EAT,"Brinker International, Inc.Consumer Services",2021-01-27 15:51:25.629759,4,1,2,
4, 2   0   2 ,EAT,"Brinker International, Inc.Consumer Services",2021-01-27 20:21:14.221254,2,0,2,-0.5
6, 4   0   2 ,EAT,"Brinker International, Inc.Consumer Services",2021-01-28 06:47:30.585163,4,0,2,1.0
7, 4   0   3 ,EAT,"Brinker International, Inc.Consumer Services",2021-01-28 07:47:42.344612,4,0,3,0.0
4, 2   0   2 ,EAT,"Brinker International, Inc.Consumer Services",2021-01-28 09:49:16.754258,2,0,2,-0.5
3, 2   0   1 ,EAT,"Brinker International, Inc.Consumer Services",2021-01-28 11:21:44.499556,2,0,1,0.0
5, 2   1   2 ,EAT,"Brinker International, Inc.Consumer Services",2021-01-28 13:18:42.738858,2,1,2,0.0
10, 5   1   4 ,EAT,"Brinker International, Inc.Consumer Services",2021-01-28 14:45:46.981140,5,1,4,1.5
13, 6   3   4 ,EAT,"Brinker International, Inc.Consumer Services",2021-01-28 18:46:07.069920,6,3,4,0.19999999999999996
13, 6   3   4 ,EAT,"Brinker International, Inc.Consumer Services",2021-01-28 18:57:36.935168,6,3,4,0.0
4, 2   0   2 ,EAT,"Brinker International, Inc.Consumer Services",2021-01-29 07:18:01.012766,2,0,2,-0.6666666666666667
3, 3   0   0 ,EDIT,"Editas Medicine, Inc.Health Care",2021-01-28 18:57:36.935168,3,0,0,
3, 0   0   3 ,EFT,Eaton Vance Floating Rate Income Trustn/a,2021-01-28 18:46:07.069920,0,0,3,
3, 0   0   3 ,EFT,Eaton Vance Floating Rate Income Trustn/a,2021-01-28 18:57:36.935168,0,0,3,
4, 2   0   2 ,ELSE,"Electro-Sensors, Inc.Capital Goods",2021-01-27 15:51:25.629759,2,0,2,
5, 4   1   0 ,ELSE,"Electro-Sensors, Inc.Capital Goods",2021-01-27 20:21:14.221254,4,1,0,1.0
7, 3   2   2 ,ELSE,"Electro-Sensors, Inc.Capital Goods",2021-01-28 06:47:30.585163,3,2,2,-0.25
6, 2   3   1 ,ELSE,"Electro-Sensors, Inc.Capital Goods",2021-01-28 07:47:42.344612,2,3,1,-0.33333333333333337
5, 1   3   1 ,ELSE,"Electro-Sensors, Inc.Capital Goods",2021-01-28 09:49:16.754258,1,3,1,-0.5
8, 6   1   1 ,ELSE,"Electro-Sensors, Inc.Capital Goods",2021-01-28 18:46:07.069920,6,1,1,5.0
7, 5   1   1 ,ELSE,"Electro-Sensors, Inc.Capital Goods",2021-01-28 18:57:36.935168,5,1,1,-0.16666666666666663
5, 3   0   2 ,ELSE,"Electro-Sensors, Inc.Capital Goods",2021-01-29 07:18:01.012766,3,0,2,-0.4
3, 2   1   0 ,ELY,Callaway Golf CompanyConsumer Non-Durables,2021-01-27 15:51:25.629759,2,1,0,
3, 2   1   0 ,ET,Energy Transfer L.P.Public Utilities,2021-01-27 15:51:25.629759,2,1,0,
8, 1   0   7 ,ET,Energy Transfer L.P.Public Utilities,2021-01-28 06:47:30.585163,1,0,7,-0.5
5, 1   0   4 ,ET,Energy Transfer L.P.Public Utilities,2021-01-28 07:47:42.344612,1,0,4,0.0
4, 1   0   3 ,ET,Energy Transfer L.P.Public Utilities,2021-01-28 09:49:16.754258,1,0,3,0.0
4, 2   1   1 ,ET,Energy Transfer L.P.Public Utilities,2021-01-28 11:21:44.499556,2,1,1,1.0
5, 2   2   1 ,ET,Energy Transfer L.P.Public Utilities,2021-01-28 13:18:42.738858,2,2,1,0.0
10, 3   2   5 ,ET,Energy Transfer L.P.Public Utilities,2021-01-28 14:45:46.981140,3,2,5,0.5
8, 2   0   6 ,ET,Energy Transfer L.P.Public Utilities,2021-01-28 18:46:07.069920,2,0,6,-0.33333333333333337
8, 2   0   6 ,ET,Energy Transfer L.P.Public Utilities,2021-01-28 18:57:36.935168,2,0,6,0.0
3, 1   1   1 ,ETSY,"Etsy, Inc.Miscellaneous",2021-01-28 13:18:42.738858,1,1,1,
3, 1   1   1 ,ETSY,"Etsy, Inc.Miscellaneous",2021-01-28 14:45:46.981140,1,1,1,0.0
52, 4   34   14 ,EVER,"EverQuote, Inc.Technology",2021-01-27 15:51:25.629759,4,34,14,
5, 3   1   1 ,EVER,"EverQuote, Inc.Technology",2021-01-27 20:21:14.221254,3,1,1,-0.25
3, 2   1   0 ,EVER,"EverQuote, Inc.Technology",2021-01-28 09:49:16.754258,2,1,0,-0.33333333333333337
5, 2   2   1 ,EVER,"EverQuote, Inc.Technology",2021-01-28 11:21:44.499556,2,2,1,0.0
5, 2   2   1 ,EVER,"EverQuote, Inc.Technology",2021-01-28 13:18:42.738858,2,2,1,0.0
7, 4   2   1 ,EVER,"EverQuote, Inc.Technology",2021-01-28 14:45:46.981140,4,2,1,1.0
7, 7   0   0 ,EVER,"EverQuote, Inc.Technology",2021-01-28 18:46:07.069920,7,0,0,0.75
7, 7   0   0 ,EVER,"EverQuote, Inc.Technology",2021-01-28 18:57:36.935168,7,0,0,0.0
10, 6   3   1 ,EVER,"EverQuote, Inc.Technology",2021-01-29 07:18:01.012766,6,3,1,-0.1428571428571429
63, 35   5   23 ,EXPR,"Express, Inc.Consumer Services",2021-01-27 15:51:25.629759,35,5,23,
14, 8   2   4 ,EXPR,"Express, Inc.Consumer Services",2021-01-27 20:21:14.221254,8,2,4,-0.7714285714285715
27, 15   6   6 ,EXPR,"Express, Inc.Consumer Services",2021-01-28 06:47:30.585163,15,6,6,0.875
27, 14   7   6 ,EXPR,"Express, Inc.Consumer Services",2021-01-28 07:47:42.344612,14,7,6,-0.06666666666666665
17, 6   6   5 ,EXPR,"Express, Inc.Consumer Services",2021-01-28 09:49:16.754258,6,6,5,-0.5714285714285714
8, 1   4   3 ,EXPR,"Express, Inc.Consumer Services",2021-01-28 11:21:44.499556,1,4,3,-0.8333333333333334
3, 1   1   1 ,FAM,First Trust/Aberdeen Global Opportunity Income Fundn/a,2021-01-27 15:51:25.629759,1,1,1,
4, 2   2   0 ,FAST,Fastenal CompanyConsumer Services,2021-01-27 15:51:25.629759,2,2,0,
9, 4   2   3 ,FB,"Facebook, Inc.Technology",2021-01-27 15:51:25.629759,4,2,3,
7, 1   4   2 ,FB,"Facebook, Inc.Technology",2021-01-27 20:21:14.221254,1,4,2,-0.75
7, 3   3   1 ,FB,"Facebook, Inc.Technology",2021-01-28 06:47:30.585163,3,3,1,2.0
7, 3   3   1 ,FB,"Facebook, Inc.Technology",2021-01-28 07:47:42.344612,3,3,1,0.0
5, 3   2   0 ,FB,"Facebook, Inc.Technology",2021-01-28 09:49:16.754258,3,2,0,0.0
3, 0   1   2 ,FB,"Facebook, Inc.Technology",2021-01-28 14:45:46.981140,0,1,2,-1.0
5, 0   2   3 ,FB,"Facebook, Inc.Technology",2021-01-28 18:46:07.069920,0,2,3,
6, 1   2   3 ,FB,"Facebook, Inc.Technology",2021-01-28 18:57:36.935168,1,2,3,inf
6, 1   1   4 ,FB,"Facebook, Inc.Technology",2021-01-29 07:18:01.012766,1,1,4,0.0
3, 1   1   1 ,FCA,First Trust China AlphaDEX Fundn/a,2021-01-28 06:47:30.585163,1,1,1,
3, 1   1   1 ,FCA,First Trust China AlphaDEX Fundn/a,2021-01-28 07:47:42.344612,1,1,1,0.0
3, 3   0   0 ,FCEL,"FuelCell Energy, Inc.Miscellaneous",2021-01-27 15:51:25.629759,3,0,0,
7, 2   2   3 ,FIVE,"Five Below, Inc.Consumer Services",2021-01-29 07:18:01.012766,2,2,3,
5, 1   3   1 ,FIZZ,National Beverage Corp.Consumer Non-Durables,2021-01-27 15:51:25.629759,1,3,1,
4, 2   1   1 ,FIZZ,National Beverage Corp.Consumer Non-Durables,2021-01-28 06:47:30.585163,2,1,1,1.0
4, 2   1   1 ,FIZZ,National Beverage Corp.Consumer Non-Durables,2021-01-28 07:47:42.344612,2,1,1,0.0
3, 1   1   1 ,FIZZ,National Beverage Corp.Consumer Non-Durables,2021-01-28 09:49:16.754258,1,1,1,-0.5
9, 9   0   0 ,FLY,Fly Leasing Limitedn/a,2021-01-27 15:51:25.629759,9,0,0,
4, 4   0   0 ,FLY,Fly Leasing Limitedn/a,2021-01-28 06:47:30.585163,4,0,0,-0.5555555555555556
3, 3   0   0 ,FLY,Fly Leasing Limitedn/a,2021-01-28 07:47:42.344612,3,0,0,-0.25
4, 4   0   0 ,FLY,Fly Leasing Limitedn/a,2021-01-28 09:49:16.754258,4,0,0,0.33333333333333326
3, 3   0   0 ,FLY,Fly Leasing Limitedn/a,2021-01-28 11:21:44.499556,3,0,0,-0.25
3, 3   0   0 ,FLY,Fly Leasing Limitedn/a,2021-01-28 14:45:46.981140,3,0,0,0.0
10, 6   2   2 ,FLY,Fly Leasing Limitedn/a,2021-01-29 07:18:01.012766,6,2,2,1.0
3, 3   0   0 ,FOLD,"Amicus Therapeutics, Inc.Health Care",2021-01-28 13:18:42.738858,3,0,0,
3, 3   0   0 ,FOLD,"Amicus Therapeutics, Inc.Health Care",2021-01-28 14:45:46.981140,3,0,0,0.0
13, 5   3   5 ,FUBO,fuboTV Inc.Consumer Services,2021-01-27 15:51:25.629759,5,3,5,
7, 5   1   1 ,FUBO,fuboTV Inc.Consumer Services,2021-01-27 20:21:14.221254,5,1,1,0.0
5, 2   1   2 ,FUBO,fuboTV Inc.Consumer Services,2021-01-28 06:47:30.585163,2,1,2,-0.6
5, 2   1   2 ,FUBO,fuboTV Inc.Consumer Services,2021-01-28 07:47:42.344612,2,1,2,0.0
3, 1   1   1 ,FUBO,fuboTV Inc.Consumer Services,2021-01-28 09:49:16.754258,1,1,1,-0.5
3, 1   2   0 ,FUBO,fuboTV Inc.Consumer Services,2021-01-28 18:46:07.069920,1,2,0,0.0
3, 1   2   0 ,FUBO,fuboTV Inc.Consumer Services,2021-01-28 18:57:36.935168,1,2,0,0.0
8, 1   1   6 ,FUBO,fuboTV Inc.Consumer Services,2021-01-29 07:18:01.012766,1,1,6,0.0
3, 2   0   1 ,FUN,"Cedar Fair, L.P.Consumer Services",2021-01-27 15:51:25.629759,2,0,1,
5, 4   0   1 ,FUND,"Sprott Focus Trust, Inc.Consumer Services",2021-01-27 15:51:25.629759,4,0,1,
4, 2   0   2 ,FUND,"Sprott Focus Trust, Inc.Consumer Services",2021-01-27 20:21:14.221254,2,0,2,-0.5
6, 1   1   4 ,FUND,"Sprott Focus Trust, Inc.Consumer Services",2021-01-28 06:47:30.585163,1,1,4,-0.5
5, 0   1   4 ,FUND,"Sprott Focus Trust, Inc.Consumer Services",2021-01-28 07:47:42.344612,0,1,4,-1.0
4, 1   1   2 ,FUND,"Sprott Focus Trust, Inc.Consumer Services",2021-01-28 09:49:16.754258,1,1,2,inf
5, 1   2   2 ,FUND,"Sprott Focus Trust, Inc.Consumer Services",2021-01-28 11:21:44.499556,1,2,2,0.0
4, 1   1   2 ,FUND,"Sprott Focus Trust, Inc.Consumer Services",2021-01-28 13:18:42.738858,1,1,2,0.0
3, 0   1   2 ,FUND,"Sprott Focus Trust, Inc.Consumer Services",2021-01-28 14:45:46.981140,0,1,2,-1.0
6, 3   3   0 ,GAIN,Gladstone Investment Corporationn/a,2021-01-27 15:51:25.629759,3,3,0,
3, 2   1   0 ,GAIN,Gladstone Investment Corporationn/a,2021-01-28 06:47:30.585163,2,1,0,-0.33333333333333337
5, 4   0   1 ,GBR,"New Concept Energy, IncEnergy",2021-01-28 11:21:44.499556,4,0,1,
11, 7   0   4 ,GBR,"New Concept Energy, IncEnergy",2021-01-28 13:18:42.738858,7,0,4,0.75
11, 7   0   4 ,GBR,"New Concept Energy, IncEnergy",2021-01-28 14:45:46.981140,7,0,4,0.0
6, 3   2   1 ,GBR,"New Concept Energy, IncEnergy",2021-01-29 07:18:01.012766,3,2,1,-0.5714285714285714
7, 4   1   2 ,GE,General Electric CompanyEnergy,2021-01-27 15:51:25.629759,4,1,2,
5, 3   1   1 ,GE,General Electric CompanyEnergy,2021-01-28 06:47:30.585163,3,1,1,-0.25
5, 3   1   1 ,GE,General Electric CompanyEnergy,2021-01-28 07:47:42.344612,3,1,1,0.0
5, 3   1   1 ,GE,General Electric CompanyEnergy,2021-01-28 09:49:16.754258,3,1,1,0.0
3, 1   1   1 ,GE,General Electric CompanyEnergy,2021-01-28 11:21:44.499556,1,1,1,-0.6666666666666667
3, 2   0   1 ,GEO,Geo Group Inc (The)Consumer Services,2021-01-27 15:51:25.629759,2,0,1,
3, 2   1   0 ,GEVO,"Gevo, Inc.Basic Industries",2021-01-28 06:47:30.585163,2,1,0,
3, 2   1   0 ,GEVO,"Gevo, Inc.Basic Industries",2021-01-28 07:47:42.344612,2,1,0,0.0
3, 2   1   0 ,GEVO,"Gevo, Inc.Basic Industries",2021-01-28 09:49:16.754258,2,1,0,0.0
3, 0   1   2 ,GF,"New Germany Fund, Inc. (The)n/a",2021-01-28 18:46:07.069920,0,1,2,
3, 0   1   2 ,GF,"New Germany Fund, Inc. (The)n/a",2021-01-28 18:57:36.935168,0,1,2,
3, 1   0   2 ,GL,Globe Life Inc.Finance,2021-01-28 13:18:42.738858,1,0,2,
3, 1   0   2 ,GL,Globe Life Inc.Finance,2021-01-28 14:45:46.981140,1,0,2,0.0
3, 3   0   0 ,GL,Globe Life Inc.Finance,2021-01-28 18:46:07.069920,3,0,0,2.0
3, 3   0   0 ,GL,Globe Life Inc.Finance,2021-01-28 18:57:36.935168,3,0,0,0.0
3, 2   1   0 ,GM,General Motors CompanyCapital Goods,2021-01-27 15:51:25.629759,2,1,0,
3, 3   0   0 ,GM,General Motors CompanyCapital Goods,2021-01-27 20:21:14.221254,3,0,0,0.5
5, 3   1   1 ,GM,General Motors CompanyCapital Goods,2021-01-28 06:47:30.585163,3,1,1,0.0
5, 3   1   1 ,GM,General Motors CompanyCapital Goods,2021-01-28 07:47:42.344612,3,1,1,0.0
3, 2   0   1 ,GM,General Motors CompanyCapital Goods,2021-01-28 09:49:16.754258,2,0,1,-0.33333333333333337
3, 1   0   2 ,GM,General Motors CompanyCapital Goods,2021-01-29 07:18:01.012766,1,0,2,-0.5
1612, 803   290   519 ,GME,Gamestop CorporationConsumer Services,2021-01-27 15:51:25.629759,803,290,519,
1825, 825   329   671 ,GME,Gamestop CorporationConsumer Services,2021-01-27 20:21:14.221254,825,329,671,0.027397260273972712
2372, 1058   511   803 ,GME,Gamestop CorporationConsumer Services,2021-01-28 06:47:30.585163,1058,511,803,0.28242424242424247
2138, 972   478   688 ,GME,Gamestop CorporationConsumer Services,2021-01-28 07:47:42.344612,972,478,688,-0.08128544423440454
1374, 621   308   445 ,GME,Gamestop CorporationConsumer Services,2021-01-28 09:49:16.754258,621,308,445,-0.36111111111111116
974, 439   218   317 ,GME,Gamestop CorporationConsumer Services,2021-01-28 11:21:44.499556,439,218,317,-0.2930756843800322
1408, 591   291   526 ,GME,Gamestop CorporationConsumer Services,2021-01-28 13:18:42.738858,591,291,526,0.34624145785877003
1708, 707   343   658 ,GME,Gamestop CorporationConsumer Services,2021-01-28 14:45:46.981140,707,343,658,0.19627749576988163
1920, 789   371   760 ,GME,Gamestop CorporationConsumer Services,2021-01-28 18:46:07.069920,789,371,760,0.11598302687411599
1890, 773   374   743 ,GME,Gamestop CorporationConsumer Services,2021-01-28 18:57:36.935168,773,374,743,-0.020278833967046883
2113, 998   390   725 ,GME,Gamestop CorporationConsumer Services,2021-01-29 07:18:01.012766,998,390,725,0.2910737386804658
3, 1   0   2 ,GNE,Genie Energy Ltd.Public Utilities,2021-01-27 15:51:25.629759,1,0,2,
72, 41   7   24 ,GNUS,"Genius Brands International, Inc.Consumer Services",2021-01-27 15:51:25.629759,41,7,24,
20, 14   1   5 ,GNUS,"Genius Brands International, Inc.Consumer Services",2021-01-27 20:21:14.221254,14,1,5,-0.6585365853658536
18, 14   1   3 ,GNUS,"Genius Brands International, Inc.Consumer Services",2021-01-28 06:47:30.585163,14,1,3,0.0
20, 16   1   3 ,GNUS,"Genius Brands International, Inc.Consumer Services",2021-01-28 07:47:42.344612,16,1,3,0.1428571428571428
19, 16   1   2 ,GNUS,"Genius Brands International, Inc.Consumer Services",2021-01-28 09:49:16.754258,16,1,2,0.0
11, 8   1   2 ,GNUS,"Genius Brands International, Inc.Consumer Services",2021-01-28 11:21:44.499556,8,1,2,-0.5
3, 3   0   0 ,GNUS,"Genius Brands International, Inc.Consumer Services",2021-01-28 13:18:42.738858,3,0,0,-0.625
4, 2   0   2 ,GNUS,"Genius Brands International, Inc.Consumer Services",2021-01-29 07:18:01.012766,2,0,2,-0.33333333333333337
5, 2   1   2 ,GOGO,Gogo Inc.Consumer Services,2021-01-27 15:51:25.629759,2,1,2,
3, 2   0   1 ,GOGO,Gogo Inc.Consumer Services,2021-01-27 20:21:14.221254,2,0,1,0.0
4, 1   1   2 ,GOLD,Barrick Gold CorporationBasic Industries,2021-01-28 09:49:16.754258,1,1,2,
3, 1   0   2 ,GOLD,Barrick Gold CorporationBasic Industries,2021-01-28 11:21:44.499556,1,0,2,0.0
3, 1   0   2 ,GOLD,Barrick Gold CorporationBasic Industries,2021-01-28 13:18:42.738858,1,0,2,0.0
3, 3   0   0 ,GOLD,Barrick Gold CorporationBasic Industries,2021-01-29 07:18:01.012766,3,0,0,2.0
3, 2   1   0 ,GPRO,"GoPro, Inc.Miscellaneous",2021-01-28 06:47:30.585163,2,1,0,
4, 3   1   0 ,GPRO,"GoPro, Inc.Miscellaneous",2021-01-28 07:47:42.344612,3,1,0,0.5
3, 3   0   0 ,GPRO,"GoPro, Inc.Miscellaneous",2021-01-28 09:49:16.754258,3,0,0,0.0
3, 2   0   1 ,GPRO,"GoPro, Inc.Miscellaneous",2021-01-28 11:21:44.499556,2,0,1,-0.33333333333333337
5, 2   1   2 ,GSAT,"Globalstar, Inc.Consumer Services",2021-01-28 06:47:30.585163,2,1,2,
5, 2   1   2 ,GSAT,"Globalstar, Inc.Consumer Services",2021-01-28 07:47:42.344612,2,1,2,0.0
5, 2   1   2 ,GSAT,"Globalstar, Inc.Consumer Services",2021-01-28 09:49:16.754258,2,1,2,0.0
3, 2   1   0 ,GSX,GSX Techedu Inc.Consumer Services,2021-01-27 15:51:25.629759,2,1,0,
5, 4   0   1 ,GTE,Gran Tierra Energy Inc.Energy,2021-01-28 13:18:42.738858,4,0,1,
5, 4   0   1 ,GTE,Gran Tierra Energy Inc.Energy,2021-01-28 14:45:46.981140,4,0,1,0.0
8, 8   0   0 ,GTE,Gran Tierra Energy Inc.Energy,2021-01-29 07:18:01.012766,8,0,0,1.0
19, 11   5   3 ,HAS,"Hasbro, Inc.Consumer Non-Durables",2021-01-27 15:51:25.629759,11,5,3,
12, 6   1   5 ,HAS,"Hasbro, Inc.Consumer Non-Durables",2021-01-27 20:21:14.221254,6,1,5,-0.4545454545454546
3, 2   0   1 ,HE,"Hawaiian Electric Industries, Inc.Public Utilities",2021-01-27 15:51:25.629759,2,0,1,
4, 2   0   2 ,HE,"Hawaiian Electric Industries, Inc.Public Utilities",2021-01-28 13:18:42.738858,2,0,2,0.0
5, 2   0   3 ,HE,"Hawaiian Electric Industries, Inc.Public Utilities",2021-01-28 14:45:46.981140,2,0,3,0.0
16, 10   2   4 ,HE,"Hawaiian Electric Industries, Inc.Public Utilities",2021-01-28 18:46:07.069920,10,2,4,4.0
15, 9   2   4 ,HE,"Hawaiian Electric Industries, Inc.Public Utilities",2021-01-28 18:57:36.935168,9,2,4,-0.09999999999999998
3, 2   1   0 ,HEAR,Turtle Beach CorporationCapital Goods,2021-01-27 15:51:25.629759,2,1,0,
3, 2   1   0 ,HEAR,Turtle Beach CorporationCapital Goods,2021-01-28 09:49:16.754258,2,1,0,0.0
3, 2   1   0 ,HEAR,Turtle Beach CorporationCapital Goods,2021-01-28 11:21:44.499556,2,1,0,0.0
3, 1   1   1 ,HEAR,Turtle Beach CorporationCapital Goods,2021-01-28 13:18:42.738858,1,1,1,-0.5
4, 3   0   1 ,HEAR,Turtle Beach CorporationCapital Goods,2021-01-28 14:45:46.981140,3,0,1,2.0
4, 2   0   2 ,HEAR,Turtle Beach CorporationCapital Goods,2021-01-28 18:46:07.069920,2,0,2,-0.33333333333333337
4, 2   0   2 ,HEAR,Turtle Beach CorporationCapital Goods,2021-01-28 18:57:36.935168,2,0,2,0.0
7, 2   1   4 ,HEAR,Turtle Beach CorporationCapital Goods,2021-01-29 07:18:01.012766,2,1,4,0.0
3, 1   1   1 ,HES,Hess CorporationEnergy,2021-01-28 13:18:42.738858,1,1,1,
5, 2   2   1 ,HES,Hess CorporationEnergy,2021-01-28 14:45:46.981140,2,2,1,1.0
9, 5   2   2 ,HES,Hess CorporationEnergy,2021-01-28 18:46:07.069920,5,2,2,1.5
9, 5   2   2 ,HES,Hess CorporationEnergy,2021-01-28 18:57:36.935168,5,2,2,0.0
3, 2   0   1 ,HL,Hecla Mining CompanyBasic Industries,2021-01-28 14:45:46.981140,2,0,1,
3, 1   0   2 ,HL,Hecla Mining CompanyBasic Industries,2021-01-28 18:46:07.069920,1,0,2,-0.5
3, 1   0   2 ,HL,Hecla Mining CompanyBasic Industries,2021-01-28 18:57:36.935168,1,0,2,0.0
3, 3   0   0 ,HOME,At Home Group Inc.Consumer Services,2021-01-28 07:47:42.344612,3,0,0,
4, 1   1   2 ,HOPE,"Hope Bancorp, Inc.Finance",2021-01-28 13:18:42.738858,1,1,2,
5, 2   1   2 ,HOPE,"Hope Bancorp, Inc.Finance",2021-01-28 14:45:46.981140,2,1,2,1.0
3, 2   0   1 ,HOPE,"Hope Bancorp, Inc.Finance",2021-01-28 18:46:07.069920,2,0,1,0.0
3, 2   0   1 ,HOPE,"Hope Bancorp, Inc.Finance",2021-01-28 18:57:36.935168,2,0,1,0.0
7, 4   0   3 ,HOPE,"Hope Bancorp, Inc.Finance",2021-01-29 07:18:01.012766,4,0,3,1.0
7, 4   3   0 ,HUGE,FSD Pharma Inc.Health Care,2021-01-27 15:51:25.629759,4,3,0,
4, 3   1   0 ,HUGE,FSD Pharma Inc.Health Care,2021-01-27 20:21:14.221254,3,1,0,-0.25
3, 1   0   2 ,HUGE,FSD Pharma Inc.Health Care,2021-01-28 06:47:30.585163,1,0,2,-0.6666666666666667
3, 1   0   2 ,HUGE,FSD Pharma Inc.Health Care,2021-01-28 11:21:44.499556,1,0,2,0.0
5, 1   2   2 ,HUGE,FSD Pharma Inc.Health Care,2021-01-28 13:18:42.738858,1,2,2,0.0
6, 1   2   3 ,HUGE,FSD Pharma Inc.Health Care,2021-01-28 14:45:46.981140,1,2,3,0.0
4, 2   1   1 ,HUGE,FSD Pharma Inc.Health Care,2021-01-28 18:46:07.069920,2,1,1,1.0
3, 2   0   1 ,HUGE,FSD Pharma Inc.Health Care,2021-01-28 18:57:36.935168,2,0,1,0.0
8, 6   1   1 ,HUGE,FSD Pharma Inc.Health Care,2021-01-29 07:18:01.012766,6,1,1,2.0
8, 4   1   3 ,IBKR,"Interactive Brokers Group, Inc.Finance",2021-01-28 06:47:30.585163,4,1,3,
8, 4   2   2 ,IBKR,"Interactive Brokers Group, Inc.Finance",2021-01-28 07:47:42.344612,4,2,2,0.0
8, 2   4   2 ,IBKR,"Interactive Brokers Group, Inc.Finance",2021-01-28 09:49:16.754258,2,4,2,-0.5
9, 1   5   3 ,IBKR,"Interactive Brokers Group, Inc.Finance",2021-01-28 11:21:44.499556,1,5,3,-0.5
21, 8   6   7 ,IBKR,"Interactive Brokers Group, Inc.Finance",2021-01-28 13:18:42.738858,8,6,7,7.0
22, 8   7   7 ,IBKR,"Interactive Brokers Group, Inc.Finance",2021-01-28 14:45:46.981140,8,7,7,0.0
15, 4   6   5 ,IBKR,"Interactive Brokers Group, Inc.Finance",2021-01-28 18:46:07.069920,4,6,5,-0.5
15, 4   6   5 ,IBKR,"Interactive Brokers Group, Inc.Finance",2021-01-28 18:57:36.935168,4,6,5,0.0
16, 6   7   3 ,IBKR,"Interactive Brokers Group, Inc.Finance",2021-01-29 07:18:01.012766,6,7,3,0.5
3, 0   1   2 ,IBM,International Business Machines CorporationTechnology,2021-01-27 15:51:25.629759,0,1,2,
11, 4   3   4 ,ICLN,iShares S&P Global Clean Energy Index Fundn/a,2021-01-27 15:51:25.629759,4,3,4,
8, 2   3   3 ,ICLN,iShares S&P Global Clean Energy Index Fundn/a,2021-01-27 20:21:14.221254,2,3,3,-0.5
13, 6   5   2 ,ICLN,iShares S&P Global Clean Energy Index Fundn/a,2021-01-28 06:47:30.585163,6,5,2,2.0
8, 4   2   2 ,ICLN,iShares S&P Global Clean Energy Index Fundn/a,2021-01-28 07:47:42.344612,4,2,2,-0.33333333333333337
3, 2   1   0 ,ICLN,iShares S&P Global Clean Energy Index Fundn/a,2021-01-28 13:18:42.738858,2,1,0,-0.5
5, 3   1   1 ,ICLN,iShares S&P Global Clean Energy Index Fundn/a,2021-01-28 14:45:46.981140,3,1,1,0.5
4, 1   0   3 ,ICLN,iShares S&P Global Clean Energy Index Fundn/a,2021-01-28 18:46:07.069920,1,0,3,-0.6666666666666667
4, 1   0   3 ,ICLN,iShares S&P Global Clean Energy Index Fundn/a,2021-01-28 18:57:36.935168,1,0,3,0.0
9, 5   2   2 ,ICLN,iShares S&P Global Clean Energy Index Fundn/a,2021-01-29 07:18:01.012766,5,2,2,4.0
5, 3   0   2 ,ID,"PARTS iD, Inc.Technology",2021-01-28 13:18:42.738858,3,0,2,
6, 3   0   3 ,ID,"PARTS iD, Inc.Technology",2021-01-28 14:45:46.981140,3,0,3,0.0
5, 1   1   3 ,ID,"PARTS iD, Inc.Technology",2021-01-28 18:46:07.069920,1,1,3,-0.6666666666666667
4, 0   1   3 ,ID,"PARTS iD, Inc.Technology",2021-01-28 18:57:36.935168,0,1,3,-1.0
4, 0   1   3 ,ID,"PARTS iD, Inc.Technology",2021-01-29 07:18:01.012766,0,1,3,
15, 10   1   4 ,IDEX,"Ideanomics, Inc.Capital Goods",2021-01-27 15:51:25.629759,10,1,4,
3, 2   1   0 ,III,"Information Services Group, Inc.Consumer Services",2021-01-27 15:51:25.629759,2,1,0,
3, 0   2   1 ,III,"Information Services Group, Inc.Consumer Services",2021-01-28 06:47:30.585163,0,2,1,-1.0
3, 0   2   1 ,III,"Information Services Group, Inc.Consumer Services",2021-01-28 07:47:42.344612,0,2,1,
7, 5   1   1 ,INO,"Inovio Pharmaceuticals, Inc.Health Care",2021-01-27 15:51:25.629759,5,1,1,
4, 3   1   0 ,INO,"Inovio Pharmaceuticals, Inc.Health Care",2021-01-28 06:47:30.585163,3,1,0,-0.4
4, 3   1   0 ,INO,"Inovio Pharmaceuticals, Inc.Health Care",2021-01-28 07:47:42.344612,3,1,0,0.0
4, 3   1   0 ,INO,"Inovio Pharmaceuticals, Inc.Health Care",2021-01-28 09:49:16.754258,3,1,0,0.0
4, 3   1   0 ,INO,"Inovio Pharmaceuticals, Inc.Health Care",2021-01-28 11:21:44.499556,3,1,0,0.0
5, 3   0   2 ,INO,"Inovio Pharmaceuticals, Inc.Health Care",2021-01-29 07:18:01.012766,3,0,2,0.0
54, 0   33   21 ,IP,International Paper CompanyBasic Industries,2021-01-27 15:51:25.629759,0,33,21,
3, 3   0   0 ,IP,International Paper CompanyBasic Industries,2021-01-29 07:18:01.012766,3,0,0,inf
3, 1   0   2 ,IQ,"iQIYI, Inc.Consumer Services",2021-01-27 15:51:25.629759,1,0,2,
3, 0   0   3 ,IQ,"iQIYI, Inc.Consumer Services",2021-01-28 18:46:07.069920,0,0,3,-1.0
3, 0   0   3 ,IQ,"iQIYI, Inc.Consumer Services",2021-01-28 18:57:36.935168,0,0,3,
3, 0   1   2 ,IQ,"iQIYI, Inc.Consumer Services",2021-01-29 07:18:01.012766,0,1,2,
3, 1   1   1 ,IRBT,iRobot CorporationConsumer Durables,2021-01-28 06:47:30.585163,1,1,1,
3, 1   1   1 ,IRBT,iRobot CorporationConsumer Durables,2021-01-28 07:47:42.344612,1,1,1,0.0
3, 1   1   1 ,IRBT,iRobot CorporationConsumer Durables,2021-01-28 09:49:16.754258,1,1,1,0.0
3, 2   0   1 ,IRS,IRSA Inversiones Y Representaciones S.A.Consumer Services,2021-01-29 07:18:01.012766,2,0,1,
4, 4   0   0 ,JACK,Jack In The Box Inc.Consumer Services,2021-01-27 15:51:25.629759,4,0,0,
4, 2   2   0 ,JAGX,"Jaguar Health, Inc.Health Care",2021-01-27 15:51:25.629759,2,2,0,
3, 2   0   1 ,JAGX,"Jaguar Health, Inc.Health Care",2021-01-28 11:21:44.499556,2,0,1,0.0
3, 2   0   1 ,JAGX,"Jaguar Health, Inc.Health Care",2021-01-28 13:18:42.738858,2,0,1,0.0
3, 3   0   0 ,JG,Aurora Mobile LimitedTechnology,2021-01-28 06:47:30.585163,3,0,0,
4, 4   0   0 ,JG,Aurora Mobile LimitedTechnology,2021-01-28 07:47:42.344612,4,0,0,0.33333333333333326
3, 2   0   1 ,JNJ,Johnson & JohnsonHealth Care,2021-01-28 06:47:30.585163,2,0,1,
3, 2   0   1 ,JNJ,Johnson & JohnsonHealth Care,2021-01-28 07:47:42.344612,2,0,1,0.0
3, 1   2   0 ,JNJ,Johnson & JohnsonHealth Care,2021-01-29 07:18:01.012766,1,2,0,-0.5
3, 2   1   0 ,JOB,GEE Group Inc.Technology,2021-01-28 13:18:42.738858,2,1,0,
3, 2   1   0 ,JOB,GEE Group Inc.Technology,2021-01-28 14:45:46.981140,2,1,0,0.0
3, 2   1   0 ,JP,Jupai Holdings LimitedConsumer Services,2021-01-28 07:47:42.344612,2,1,0,
3, 2   0   1 ,JP,Jupai Holdings LimitedConsumer Services,2021-01-28 09:49:16.754258,2,0,1,0.0
4, 2   1   1 ,JP,Jupai Holdings LimitedConsumer Services,2021-01-28 11:21:44.499556,2,1,1,0.0
4, 1   2   1 ,JP,Jupai Holdings LimitedConsumer Services,2021-01-28 13:18:42.738858,1,2,1,-0.5
7, 2   3   2 ,JP,Jupai Holdings LimitedConsumer Services,2021-01-28 14:45:46.981140,2,3,2,1.0
4, 2   1   1 ,JP,Jupai Holdings LimitedConsumer Services,2021-01-28 18:46:07.069920,2,1,1,0.0
4, 2   1   1 ,JP,Jupai Holdings LimitedConsumer Services,2021-01-28 18:57:36.935168,2,1,1,0.0
3, 1   2   0 ,JPM,J P Morgan Chase & CoFinance,2021-01-28 06:47:30.585163,1,2,0,
3, 1   2   0 ,JPM,J P Morgan Chase & CoFinance,2021-01-28 07:47:42.344612,1,2,0,0.0
3, 0   2   1 ,JPM,J P Morgan Chase & CoFinance,2021-01-28 09:49:16.754258,0,2,1,-1.0
14, 2   3   9 ,JPM,J P Morgan Chase & CoFinance,2021-01-29 07:18:01.012766,2,3,9,inf
3, 3   0   0 ,JUPW,"Jupiter Wellness, Inc.Consumer Non-Durables",2021-01-27 20:21:14.221254,3,0,0,
3, 0   0   3 ,KEN,Kenon Holdings Ltd.Public Utilities,2021-01-28 18:46:07.069920,0,0,3,
3, 0   0   3 ,KEN,Kenon Holdings Ltd.Public Utilities,2021-01-28 18:57:36.935168,0,0,3,
3, 2   0   1 ,KIDS,OrthoPediatrics Corp.Health Care,2021-01-28 06:47:30.585163,2,0,1,
3, 2   0   1 ,KIDS,OrthoPediatrics Corp.Health Care,2021-01-28 07:47:42.344612,2,0,1,0.0
7, 2   1   4 ,KODK,Eastman Kodak CompanyMiscellaneous,2021-01-27 15:51:25.629759,2,1,4,
4, 3   0   1 ,KODK,Eastman Kodak CompanyMiscellaneous,2021-01-27 20:21:14.221254,3,0,1,0.5
3, 0   1   2 ,KOS,Kosmos Energy Ltd.Energy,2021-01-28 06:47:30.585163,0,1,2,
25, 13   1   11 ,KOSS,Koss CorporationConsumer Non-Durables,2021-01-27 15:51:25.629759,13,1,11,
7, 4   1   2 ,KOSS,Koss CorporationConsumer Non-Durables,2021-01-27 20:21:14.221254,4,1,2,-0.6923076923076923
36, 15   10   11 ,KOSS,Koss CorporationConsumer Non-Durables,2021-01-28 06:47:30.585163,15,10,11,2.75
41, 18   12   11 ,KOSS,Koss CorporationConsumer Non-Durables,2021-01-28 07:47:42.344612,18,12,11,0.19999999999999996
42, 17   13   12 ,KOSS,Koss CorporationConsumer Non-Durables,2021-01-28 09:49:16.754258,17,13,12,-0.05555555555555558
26, 6   14   6 ,KOSS,Koss CorporationConsumer Non-Durables,2021-01-28 11:21:44.499556,6,14,6,-0.6470588235294117
16, 4   10   2 ,KOSS,Koss CorporationConsumer Non-Durables,2021-01-28 13:18:42.738858,4,10,2,-0.33333333333333337
13, 2   9   2 ,KOSS,Koss CorporationConsumer Non-Durables,2021-01-28 14:45:46.981140,2,9,2,-0.5
7, 3   2   2 ,KOSS,Koss CorporationConsumer Non-Durables,2021-01-29 07:18:01.012766,3,2,2,0.5
3, 0   3   0 ,LB,"L Brands, Inc.Consumer Services",2021-01-27 20:21:14.221254,0,3,0,
4, 2   2   0 ,LGND,Ligand Pharmaceuticals IncorporatedHealth Care,2021-01-27 15:51:25.629759,2,2,0,
3, 1   2   0 ,LGND,Ligand Pharmaceuticals IncorporatedHealth Care,2021-01-27 20:21:14.221254,1,2,0,-0.5
5, 3   2   0 ,LGND,Ligand Pharmaceuticals IncorporatedHealth Care,2021-01-28 06:47:30.585163,3,2,0,2.0
5, 3   2   0 ,LGND,Ligand Pharmaceuticals IncorporatedHealth Care,2021-01-28 07:47:42.344612,3,2,0,0.0
4, 2   2   0 ,LGND,Ligand Pharmaceuticals IncorporatedHealth Care,2021-01-28 09:49:16.754258,2,2,0,-0.33333333333333337
4, 4   0   0 ,LGND,Ligand Pharmaceuticals IncorporatedHealth Care,2021-01-28 13:18:42.738858,4,0,0,1.0
4, 4   0   0 ,LGND,Ligand Pharmaceuticals IncorporatedHealth Care,2021-01-28 14:45:46.981140,4,0,0,0.0
3, 2   1   0 ,LGND,Ligand Pharmaceuticals IncorporatedHealth Care,2021-01-28 18:46:07.069920,2,1,0,-0.5
6, 2   2   2 ,LGND,Ligand Pharmaceuticals IncorporatedHealth Care,2021-01-29 07:18:01.012766,2,2,2,0.0
3, 1   1   1 ,LI,Li Auto Inc.Capital Goods,2021-01-27 20:21:14.221254,1,1,1,
4, 3   0   1 ,LIFE,"aTyr Pharma, Inc.Health Care",2021-01-27 15:51:25.629759,3,0,1,
4, 4   0   0 ,LIFE,"aTyr Pharma, Inc.Health Care",2021-01-27 20:21:14.221254,4,0,0,0.33333333333333326
5, 3   1   1 ,LIFE,"aTyr Pharma, Inc.Health Care",2021-01-28 06:47:30.585163,3,1,1,-0.25
4, 3   1   0 ,LIFE,"aTyr Pharma, Inc.Health Care",2021-01-28 07:47:42.344612,3,1,0,0.0
4, 3   1   0 ,LIFE,"aTyr Pharma, Inc.Health Care",2021-01-28 09:49:16.754258,3,1,0,0.0
3, 0   3   0 ,LIFE,"aTyr Pharma, Inc.Health Care",2021-01-28 13:18:42.738858,0,3,0,-1.0
4, 1   3   0 ,LIFE,"aTyr Pharma, Inc.Health Care",2021-01-28 14:45:46.981140,1,3,0,inf
4, 1   2   1 ,LIFE,"aTyr Pharma, Inc.Health Care",2021-01-28 18:46:07.069920,1,2,1,0.0
4, 1   2   1 ,LIFE,"aTyr Pharma, Inc.Health Care",2021-01-28 18:57:36.935168,1,2,1,0.0
4, 3   0   1 ,LIFE,"aTyr Pharma, Inc.Health Care",2021-01-29 07:18:01.012766,3,0,1,2.0
4, 2   1   1 ,LIVE,Live Ventures IncorporatedFinance,2021-01-28 06:47:30.585163,2,1,1,
3, 2   0   1 ,LIVE,Live Ventures IncorporatedFinance,2021-01-28 07:47:42.344612,2,0,1,0.0
3, 1   0   2 ,LIVE,Live Ventures IncorporatedFinance,2021-01-28 13:18:42.738858,1,0,2,-0.5
27, 17   6   4 ,LIVE,Live Ventures IncorporatedFinance,2021-01-28 18:46:07.069920,17,6,4,16.0
26, 17   6   3 ,LIVE,Live Ventures IncorporatedFinance,2021-01-28 18:57:36.935168,17,6,3,0.0
5, 3   1   1 ,LIVE,Live Ventures IncorporatedFinance,2021-01-29 07:18:01.012766,3,1,1,-0.8235294117647058
13, 7   0   6 ,LOVE,The Lovesac CompanyConsumer Services,2021-01-27 15:51:25.629759,7,0,6,
12, 7   0   5 ,LOVE,The Lovesac CompanyConsumer Services,2021-01-27 20:21:14.221254,7,0,5,0.0
13, 12   1   0 ,LOW,"Lowe's Companies, Inc.Consumer Services",2021-01-27 15:51:25.629759,12,1,0,
7, 2   4   1 ,LOW,"Lowe's Companies, Inc.Consumer Services",2021-01-28 06:47:30.585163,2,4,1,-0.8333333333333334
8, 2   5   1 ,LOW,"Lowe's Companies, Inc.Consumer Services",2021-01-28 07:47:42.344612,2,5,1,0.0
8, 4   3   1 ,LOW,"Lowe's Companies, Inc.Consumer Services",2021-01-28 09:49:16.754258,4,3,1,1.0
9, 4   4   1 ,LOW,"Lowe's Companies, Inc.Consumer Services",2021-01-28 11:21:44.499556,4,4,1,0.0
5, 3   1   1 ,LOW,"Lowe's Companies, Inc.Consumer Services",2021-01-28 13:18:42.738858,3,1,1,-0.25
5, 2   1   2 ,LOW,"Lowe's Companies, Inc.Consumer Services",2021-01-28 14:45:46.981140,2,1,2,-0.33333333333333337
4, 0   1   3 ,LOW,"Lowe's Companies, Inc.Consumer Services",2021-01-28 18:46:07.069920,0,1,3,-1.0
4, 0   1   3 ,LOW,"Lowe's Companies, Inc.Consumer Services",2021-01-28 18:57:36.935168,0,1,3,
3, 1   2   0 ,LOW,"Lowe's Companies, Inc.Consumer Services",2021-01-29 07:18:01.012766,1,2,0,inf
8, 3   4   1 ,MAC,Macerich Company (The)Consumer Services,2021-01-27 15:51:25.629759,3,4,1,
10, 6   0   4 ,MAC,Macerich Company (The)Consumer Services,2021-01-27 20:21:14.221254,6,0,4,1.0
6, 2   2   2 ,MAC,Macerich Company (The)Consumer Services,2021-01-28 06:47:30.585163,2,2,2,-0.6666666666666667
7, 2   2   3 ,MAC,Macerich Company (The)Consumer Services,2021-01-28 07:47:42.344612,2,2,3,0.0
6, 2   1   3 ,MAC,Macerich Company (The)Consumer Services,2021-01-28 09:49:16.754258,2,1,3,0.0
4, 1   1   2 ,MAC,Macerich Company (The)Consumer Services,2021-01-28 11:21:44.499556,1,1,2,-0.5
4, 2   2   0 ,MAC,Macerich Company (The)Consumer Services,2021-01-28 18:46:07.069920,2,2,0,1.0
4, 2   2   0 ,MAC,Macerich Company (The)Consumer Services,2021-01-28 18:57:36.935168,2,2,0,0.0
3, 2   1   0 ,MAC,Macerich Company (The)Consumer Services,2021-01-29 07:18:01.012766,2,1,0,0.0
3, 2   1   0 ,MAIN,Main Street Capital Corporationn/a,2021-01-27 20:21:14.221254,2,1,0,
5, 4   0   1 ,MAN,ManpowerGroupTechnology,2021-01-27 15:51:25.629759,4,0,1,
4, 1   1   2 ,MAN,ManpowerGroupTechnology,2021-01-27 20:21:14.221254,1,1,2,-0.75
6, 2   1   3 ,MAN,ManpowerGroupTechnology,2021-01-28 06:47:30.585163,2,1,3,1.0
6, 2   1   3 ,MAN,ManpowerGroupTechnology,2021-01-28 07:47:42.344612,2,1,3,0.0
4, 3   0   1 ,MAN,ManpowerGroupTechnology,2021-01-28 09:49:16.754258,3,0,1,0.5
3, 2   0   1 ,MAN,ManpowerGroupTechnology,2021-01-28 11:21:44.499556,2,0,1,-0.33333333333333337
3, 2   0   1 ,MAN,ManpowerGroupTechnology,2021-01-28 13:18:42.738858,2,0,1,0.0
3, 1   1   1 ,MAN,ManpowerGroupTechnology,2021-01-28 14:45:46.981140,1,1,1,-0.5
6, 3   1   2 ,MAN,ManpowerGroupTechnology,2021-01-28 18:46:07.069920,3,1,2,2.0
6, 3   1   2 ,MAN,ManpowerGroupTechnology,2021-01-28 18:57:36.935168,3,1,2,0.0
6, 5   0   1 ,MAN,ManpowerGroupTechnology,2021-01-29 07:18:01.012766,5,0,1,0.6666666666666667
4, 1   0   3 ,MARK,"Remark Holdings, Inc.Consumer Services",2021-01-27 20:21:14.221254,1,0,3,
7, 7   0   0 ,MEN,"Blackrock MuniEnhanced Fund, Inc.n/a",2021-01-27 15:51:25.629759,7,0,0,
5, 1   0   4 ,MEN,"Blackrock MuniEnhanced Fund, Inc.n/a",2021-01-29 07:18:01.012766,1,0,4,-0.8571428571428572
8, 6   1   1 ,MIND,"MIND Technology, Inc.Capital Goods",2021-01-29 07:18:01.012766,6,1,1,
3, 1   1   1 ,MMS,"Maximus, Inc.Miscellaneous",2021-01-28 06:47:30.585163,1,1,1,
3, 1   2   0 ,MRNA,"Moderna, Inc.Health Care",2021-01-29 07:18:01.012766,1,2,0,
5, 4   1   0 ,MSFT,Microsoft CorporationTechnology,2021-01-27 15:51:25.629759,4,1,0,
5, 3   2   0 ,MSFT,Microsoft CorporationTechnology,2021-01-28 06:47:30.585163,3,2,0,-0.25
4, 3   1   0 ,MSFT,Microsoft CorporationTechnology,2021-01-28 07:47:42.344612,3,1,0,0.0
3, 2   0   1 ,MSFT,Microsoft CorporationTechnology,2021-01-28 13:18:42.738858,2,0,1,-0.33333333333333337
3, 2   1   0 ,MSFT,Microsoft CorporationTechnology,2021-01-29 07:18:01.012766,2,1,0,0.0
3, 0   2   1 ,MT,ArcelorMittalBasic Industries,2021-01-27 20:21:14.221254,0,2,1,
3, 3   0   0 ,MT,ArcelorMittalBasic Industries,2021-01-28 14:45:46.981140,3,0,0,inf
3, 2   0   1 ,MVIS,"Microvision, Inc.Capital Goods",2021-01-28 07:47:42.344612,2,0,1,
3, 2   0   1 ,MVIS,"Microvision, Inc.Capital Goods",2021-01-28 09:49:16.754258,2,0,1,0.0
8, 4   2   2 ,NAK,"Northern Dynasty Minerals, Ltd.Basic Industries",2021-01-27 15:51:25.629759,4,2,2,
733, 422   72   239 ,NAKD,Naked Brand Group LimitedConsumer Non-Durables,2021-01-27 15:51:25.629759,422,72,239,
24, 12   2   10 ,NAKD,Naked Brand Group LimitedConsumer Non-Durables,2021-01-27 20:21:14.221254,12,2,10,-0.9715639810426541
201, 106   37   58 ,NAKD,Naked Brand Group LimitedConsumer Non-Durables,2021-01-28 06:47:30.585163,106,37,58,7.833333333333334
226, 122   41   63 ,NAKD,Naked Brand Group LimitedConsumer Non-Durables,2021-01-28 07:47:42.344612,122,41,63,0.15094339622641506
210, 111   38   61 ,NAKD,Naked Brand Group LimitedConsumer Non-Durables,2021-01-28 09:49:16.754258,111,38,61,-0.0901639344262295
107, 50   25   32 ,NAKD,Naked Brand Group LimitedConsumer Non-Durables,2021-01-28 11:21:44.499556,50,25,32,-0.5495495495495495
10, 8   2   0 ,NAKD,Naked Brand Group LimitedConsumer Non-Durables,2021-01-28 13:18:42.738858,8,2,0,-0.84
5, 3   1   1 ,NAKD,Naked Brand Group LimitedConsumer Non-Durables,2021-01-28 14:45:46.981140,3,1,1,-0.625
3, 1   0   2 ,NAKD,Naked Brand Group LimitedConsumer Non-Durables,2021-01-28 18:46:07.069920,1,0,2,-0.6666666666666667
3, 1   0   2 ,NAKD,Naked Brand Group LimitedConsumer Non-Durables,2021-01-28 18:57:36.935168,1,0,2,0.0
6, 5   0   1 ,NAKD,Naked Brand Group LimitedConsumer Non-Durables,2021-01-29 07:18:01.012766,5,0,1,4.0
3, 3   0   0 ,NET,"Cloudflare, Inc.Technology",2021-01-27 15:51:25.629759,3,0,0,
14, 7   0   7 ,NEW,Puxin LimitedConsumer Services,2021-01-27 15:51:25.629759,7,0,7,
9, 7   0   2 ,NEW,Puxin LimitedConsumer Services,2021-01-27 20:21:14.221254,7,0,2,0.0
12, 8   0   4 ,NEW,Puxin LimitedConsumer Services,2021-01-28 06:47:30.585163,8,0,4,0.1428571428571428
12, 7   0   5 ,NEW,Puxin LimitedConsumer Services,2021-01-28 07:47:42.344612,7,0,5,-0.125
6, 3   0   3 ,NEW,Puxin LimitedConsumer Services,2021-01-28 09:49:16.754258,3,0,3,-0.5714285714285714
7, 4   1   2 ,NEW,Puxin LimitedConsumer Services,2021-01-28 11:21:44.499556,4,1,2,0.33333333333333326
7, 3   1   3 ,NEW,Puxin LimitedConsumer Services,2021-01-28 13:18:42.738858,3,1,3,-0.25
9, 3   1   5 ,NEW,Puxin LimitedConsumer Services,2021-01-28 14:45:46.981140,3,1,5,0.0
6, 3   0   3 ,NEW,Puxin LimitedConsumer Services,2021-01-28 18:46:07.069920,3,0,3,0.0
6, 3   0   3 ,NEW,Puxin LimitedConsumer Services,2021-01-28 18:57:36.935168,3,0,3,0.0
11, 7   3   1 ,NEW,Puxin LimitedConsumer Services,2021-01-29 07:18:01.012766,7,3,1,1.3333333333333335
40, 26   1   13 ,NEXT,NextDecade CorporationPublic Utilities,2021-01-27 15:51:25.629759,26,1,13,
11, 7   1   3 ,NEXT,NextDecade CorporationPublic Utilities,2021-01-27 20:21:14.221254,7,1,3,-0.7307692307692308
3, 2   1   0 ,NG,Novagold Resources Inc.Basic Industries,2021-01-28 06:47:30.585163,2,1,0,
3, 3   0   0 ,NGL,NGL ENERGY PARTNERS LPEnergy,2021-01-28 06:47:30.585163,3,0,0,
3, 3   0   0 ,NGL,NGL ENERGY PARTNERS LPEnergy,2021-01-28 07:47:42.344612,3,0,0,0.0
3, 3   0   0 ,NICE,NICE LtdTechnology,2021-01-28 06:47:30.585163,3,0,0,
3, 3   0   0 ,NICE,NICE LtdTechnology,2021-01-28 07:47:42.344612,3,0,0,0.0
8, 8   0   0 ,NICE,NICE LtdTechnology,2021-01-28 18:46:07.069920,8,0,0,1.6666666666666665
10, 10   0   0 ,NICE,NICE LtdTechnology,2021-01-28 18:57:36.935168,10,0,0,0.25
4, 4   0   0 ,NICE,NICE LtdTechnology,2021-01-29 07:18:01.012766,4,0,0,-0.6
7, 5   1   1 ,NIO,NIO Inc.Capital Goods,2021-01-27 15:51:25.629759,5,1,1,
8, 5   1   2 ,NIO,NIO Inc.Capital Goods,2021-01-27 20:21:14.221254,5,1,2,0.0
25, 12   10   3 ,NIO,NIO Inc.Capital Goods,2021-01-28 06:47:30.585163,12,10,3,1.4
20, 10   7   3 ,NIO,NIO Inc.Capital Goods,2021-01-28 07:47:42.344612,10,7,3,-0.16666666666666663
10, 9   1   0 ,NIO,NIO Inc.Capital Goods,2021-01-28 09:49:16.754258,9,1,0,-0.09999999999999998
5, 4   0   1 ,NIO,NIO Inc.Capital Goods,2021-01-28 11:21:44.499556,4,0,1,-0.5555555555555556
4, 3   0   1 ,NIO,NIO Inc.Capital Goods,2021-01-28 13:18:42.738858,3,0,1,-0.25
7, 5   1   1 ,NIO,NIO Inc.Capital Goods,2021-01-28 14:45:46.981140,5,1,1,0.6666666666666667
8, 5   1   2 ,NIO,NIO Inc.Capital Goods,2021-01-28 18:46:07.069920,5,1,2,0.0
9, 6   1   2 ,NIO,NIO Inc.Capital Goods,2021-01-28 18:57:36.935168,6,1,2,0.19999999999999996
6, 5   0   1 ,NIO,NIO Inc.Capital Goods,2021-01-29 07:18:01.012766,5,0,1,-0.16666666666666663
4, 2   2   0 ,NKLA,Nikola CorporationCapital Goods,2021-01-27 15:51:25.629759,2,2,0,
5, 4   1   0 ,NKLA,Nikola CorporationCapital Goods,2021-01-28 06:47:30.585163,4,1,0,1.0
5, 4   1   0 ,NKLA,Nikola CorporationCapital Goods,2021-01-28 07:47:42.344612,4,1,0,0.0
5, 4   1   0 ,NKLA,Nikola CorporationCapital Goods,2021-01-28 09:49:16.754258,4,1,0,0.0
4, 1   3   0 ,NKLA,Nikola CorporationCapital Goods,2021-01-28 18:46:07.069920,1,3,0,-0.75
4, 1   3   0 ,NKLA,Nikola CorporationCapital Goods,2021-01-28 18:57:36.935168,1,3,0,0.0
4, 1   1   2 ,NOC,Northrop Grumman CorporationCapital Goods,2021-01-27 15:51:25.629759,1,1,2,
4, 1   2   1 ,NOC,Northrop Grumman CorporationCapital Goods,2021-01-28 06:47:30.585163,1,2,1,0.0
3, 1   1   1 ,NOC,Northrop Grumman CorporationCapital Goods,2021-01-28 07:47:42.344612,1,1,1,0.0
2877, 1403   370   1104 ,NOK,Nokia CorporationTechnology,2021-01-27 15:51:25.629759,1403,370,1104,
867, 403   143   321 ,NOK,Nokia CorporationTechnology,2021-01-27 20:21:14.221254,403,143,321,-0.7127583749109052
1375, 635   267   473 ,NOK,Nokia CorporationTechnology,2021-01-28 06:47:30.585163,635,267,473,0.5756823821339951
1278, 592   249   437 ,NOK,Nokia CorporationTechnology,2021-01-28 07:47:42.344612,592,249,437,-0.06771653543307088
921, 418   184   319 ,NOK,Nokia CorporationTechnology,2021-01-28 09:49:16.754258,418,184,319,-0.29391891891891897
548, 258   99   191 ,NOK,Nokia CorporationTechnology,2021-01-28 11:21:44.499556,258,99,191,-0.3827751196172249
347, 169   66   112 ,NOK,Nokia CorporationTechnology,2021-01-28 13:18:42.738858,169,66,112,-0.34496124031007747
358, 180   69   109 ,NOK,Nokia CorporationTechnology,2021-01-28 14:45:46.981140,180,69,109,0.06508875739644981
335, 159   59   117 ,NOK,Nokia CorporationTechnology,2021-01-28 18:46:07.069920,159,59,117,-0.1166666666666667
335, 157   58   120 ,NOK,Nokia CorporationTechnology,2021-01-28 18:57:36.935168,157,58,120,-0.012578616352201255
987, 522   140   325 ,NOK,Nokia CorporationTechnology,2021-01-29 07:18:01.012766,522,140,325,2.3248407643312103
3, 2   1   0 ,NVDA,NVIDIA CorporationTechnology,2021-01-27 20:21:14.221254,2,1,0,
3, 2   1   0 ,NVDA,NVIDIA CorporationTechnology,2021-01-28 06:47:30.585163,2,1,0,0.0
3, 2   1   0 ,NVDA,NVIDIA CorporationTechnology,2021-01-28 07:47:42.344612,2,1,0,0.0
3, 0   2   1 ,OC,Owens Corning IncCapital Goods,2021-01-29 07:18:01.012766,0,2,1,
4, 3   1   0 ,OGI,Organigram Holdings Inc.Health Care,2021-01-28 11:21:44.499556,3,1,0,
5, 4   1   0 ,OGI,Organigram Holdings Inc.Health Care,2021-01-28 13:18:42.738858,4,1,0,0.33333333333333326
5, 4   1   0 ,OGI,Organigram Holdings Inc.Health Care,2021-01-28 14:45:46.981140,4,1,0,0.0
3, 3   0   0 ,OLD,The Long-Term Care ETFn/a,2021-01-27 15:51:25.629759,3,0,0,
3, 3   0   0 ,OLD,The Long-Term Care ETFn/a,2021-01-28 18:46:07.069920,3,0,0,0.0
3, 3   0   0 ,OLD,The Long-Term Care ETFn/a,2021-01-28 18:57:36.935168,3,0,0,0.0
17, 9   5   3 ,ONE,OneSmart International Education Group LimitedConsumer Services,2021-01-27 15:51:25.629759,9,5,3,
17, 8   3   6 ,ONE,OneSmart International Education Group LimitedConsumer Services,2021-01-27 20:21:14.221254,8,3,6,-0.11111111111111116
5, 1   1   3 ,OPK,"Opko Health, Inc.Health Care",2021-01-27 15:51:25.629759,1,1,3,
46, 25   6   15 ,OR,Osisko Gold Royalties Ltd.Basic Industries,2021-01-27 15:51:25.629759,25,6,15,
30, 18   4   8 ,OR,Osisko Gold Royalties Ltd.Basic Industries,2021-01-27 20:21:14.221254,18,4,8,-0.28
6, 5   1   0 ,PCG,Pacific Gas & Electric Co.Public Utilities,2021-01-29 07:18:01.012766,5,1,0,
3, 1   0   2 ,PE,"Parsley Energy, Inc.Energy",2021-01-29 07:18:01.012766,1,0,2,
3, 1   1   1 ,PEAK,"Healthpeak Properties, Inc.Consumer Services",2021-01-28 18:46:07.069920,1,1,1,
3, 1   1   1 ,PEAK,"Healthpeak Properties, Inc.Consumer Services",2021-01-28 18:57:36.935168,1,1,1,0.0
4, 1   1   2 ,PEI,Pennsylvania Real Estate Investment TrustConsumer Services,2021-01-27 20:21:14.221254,1,1,2,
3, 1   1   1 ,PENN,"Penn National Gaming, Inc.Consumer Services",2021-01-28 14:45:46.981140,1,1,1,
11, 6   0   5 ,PLAY,"Dave & Buster's Entertainment, Inc.Consumer Services",2021-01-27 15:51:25.629759,6,0,5,
6, 2   3   1 ,PLAY,"Dave & Buster's Entertainment, Inc.Consumer Services",2021-01-27 20:21:14.221254,2,3,1,-0.6666666666666667
11, 8   1   2 ,PLAY,"Dave & Buster's Entertainment, Inc.Consumer Services",2021-01-28 06:47:30.585163,8,1,2,3.0
11, 7   1   3 ,PLAY,"Dave & Buster's Entertainment, Inc.Consumer Services",2021-01-28 07:47:42.344612,7,1,3,-0.125
7, 5   1   1 ,PLAY,"Dave & Buster's Entertainment, Inc.Consumer Services",2021-01-28 09:49:16.754258,5,1,1,-0.2857142857142857
6, 3   1   2 ,PLAY,"Dave & Buster's Entertainment, Inc.Consumer Services",2021-01-28 11:21:44.499556,3,1,2,-0.4
5, 3   0   2 ,PLAY,"Dave & Buster's Entertainment, Inc.Consumer Services",2021-01-28 13:18:42.738858,3,0,2,0.0
5, 4   0   1 ,PLAY,"Dave & Buster's Entertainment, Inc.Consumer Services",2021-01-28 14:45:46.981140,4,0,1,0.33333333333333326
3, 2   0   1 ,PLAY,"Dave & Buster's Entertainment, Inc.Consumer Services",2021-01-28 18:46:07.069920,2,0,1,-0.5
3, 2   0   1 ,PLAY,"Dave & Buster's Entertainment, Inc.Consumer Services",2021-01-28 18:57:36.935168,2,0,1,0.0
24, 13   0   11 ,PLAY,"Dave & Buster's Entertainment, Inc.Consumer Services",2021-01-29 07:18:01.012766,13,0,11,5.5
91, 57   13   21 ,PLTR,Palantir Technologies Inc.Technology,2021-01-27 15:51:25.629759,57,13,21,
49, 28   7   14 ,PLTR,Palantir Technologies Inc.Technology,2021-01-27 20:21:14.221254,28,7,14,-0.5087719298245614
51, 34   10   7 ,PLTR,Palantir Technologies Inc.Technology,2021-01-28 06:47:30.585163,34,10,7,0.2142857142857142
44, 34   7   3 ,PLTR,Palantir Technologies Inc.Technology,2021-01-28 07:47:42.344612,34,7,3,0.0
27, 24   3   0 ,PLTR,Palantir Technologies Inc.Technology,2021-01-28 09:49:16.754258,24,3,0,-0.2941176470588235
26, 21   2   3 ,PLTR,Palantir Technologies Inc.Technology,2021-01-28 11:21:44.499556,21,2,3,-0.125
35, 20   5   10 ,PLTR,Palantir Technologies Inc.Technology,2021-01-28 13:18:42.738858,20,5,10,-0.04761904761904767
37, 23   4   10 ,PLTR,Palantir Technologies Inc.Technology,2021-01-28 14:45:46.981140,23,4,10,0.1499999999999999
23, 17   3   3 ,PLTR,Palantir Technologies Inc.Technology,2021-01-28 18:46:07.069920,17,3,3,-0.26086956521739135
20, 15   2   3 ,PLTR,Palantir Technologies Inc.Technology,2021-01-28 18:57:36.935168,15,2,3,-0.11764705882352944
29, 17   5   7 ,PLTR,Palantir Technologies Inc.Technology,2021-01-29 07:18:01.012766,17,5,7,0.1333333333333333
3, 2   1   0 ,PLUG,"Plug Power, Inc.Energy",2021-01-27 20:21:14.221254,2,1,0,
4, 3   0   1 ,PLUG,"Plug Power, Inc.Energy",2021-01-28 06:47:30.585163,3,0,1,0.5
3, 3   0   0 ,PLUG,"Plug Power, Inc.Energy",2021-01-28 07:47:42.344612,3,0,0,0.0
4, 4   0   0 ,PLUG,"Plug Power, Inc.Energy",2021-01-28 09:49:16.754258,4,0,0,0.33333333333333326
3, 2   0   1 ,PLUS,ePlus inc.Technology,2021-01-27 15:51:25.629759,2,0,1,
3, 2   0   1 ,PLUS,ePlus inc.Technology,2021-01-28 11:21:44.499556,2,0,1,0.0
12, 5   1   6 ,PLUS,ePlus inc.Technology,2021-01-28 13:18:42.738858,5,1,6,1.5
12, 5   1   6 ,PLUS,ePlus inc.Technology,2021-01-28 14:45:46.981140,5,1,6,0.0
5, 1   0   4 ,PLUS,ePlus inc.Technology,2021-01-28 18:46:07.069920,1,0,4,-0.8
5, 1   0   4 ,PLUS,ePlus inc.Technology,2021-01-28 18:57:36.935168,1,0,4,0.0
45, 0   33   12 ,POST,"Post Holdings, Inc.Consumer Non-Durables",2021-01-27 15:51:25.629759,0,33,12,
3, 0   1   2 ,POST,"Post Holdings, Inc.Consumer Non-Durables",2021-01-27 20:21:14.221254,0,1,2,
12, 10   0   2 ,POST,"Post Holdings, Inc.Consumer Non-Durables",2021-01-28 06:47:30.585163,10,0,2,inf
14, 13   0   1 ,POST,"Post Holdings, Inc.Consumer Non-Durables",2021-01-28 07:47:42.344612,13,0,1,0.30000000000000004
4, 3   0   1 ,PRPL,"Purple Innovation, Inc.Consumer Durables",2021-01-28 06:47:30.585163,3,0,1,
3, 2   0   1 ,PRPL,"Purple Innovation, Inc.Consumer Durables",2021-01-28 07:47:42.344612,2,0,1,-0.33333333333333337
3, 3   0   0 ,PS,"Pluralsight, Inc.Technology",2021-01-27 15:51:25.629759,3,0,0,
3, 2   0   1 ,PS,"Pluralsight, Inc.Technology",2021-01-28 06:47:30.585163,2,0,1,-0.33333333333333337
4, 3   0   1 ,PS,"Pluralsight, Inc.Technology",2021-01-28 07:47:42.344612,3,0,1,0.5
3, 1   1   1 ,PS,"Pluralsight, Inc.Technology",2021-01-28 14:45:46.981140,1,1,1,-0.6666666666666667
6, 2   3   1 ,PS,"Pluralsight, Inc.Technology",2021-01-28 18:46:07.069920,2,3,1,1.0
5, 1   3   1 ,PS,"Pluralsight, Inc.Technology",2021-01-28 18:57:36.935168,1,3,1,-0.5
6, 4   0   2 ,PS,"Pluralsight, Inc.Technology",2021-01-29 07:18:01.012766,4,0,2,3.0
4, 2   0   2 ,PSA,Public StorageConsumer Services,2021-01-27 20:21:14.221254,2,0,2,
5, 2   0   3 ,PSA,Public StorageConsumer Services,2021-01-28 18:46:07.069920,2,0,3,0.0
5, 2   0   3 ,PSA,Public StorageConsumer Services,2021-01-28 18:57:36.935168,2,0,3,0.0
4, 2   1   1 ,PSA,Public StorageConsumer Services,2021-01-29 07:18:01.012766,2,1,1,0.0
8, 3   5   0 ,QQQ,"Invesco QQQ Trust, Series 1n/a",2021-01-27 15:51:25.629759,3,5,0,
3, 0   3   0 ,QQQ,"Invesco QQQ Trust, Series 1n/a",2021-01-27 20:21:14.221254,0,3,0,-1.0
5, 4   0   1 ,QQQ,"Invesco QQQ Trust, Series 1n/a",2021-01-28 06:47:30.585163,4,0,1,inf
5, 4   0   1 ,QQQ,"Invesco QQQ Trust, Series 1n/a",2021-01-28 07:47:42.344612,4,0,1,0.0
3, 2   0   1 ,QQQ,"Invesco QQQ Trust, Series 1n/a",2021-01-28 18:46:07.069920,2,0,1,-0.5
3, 2   0   1 ,QQQ,"Invesco QQQ Trust, Series 1n/a",2021-01-28 18:57:36.935168,2,0,1,0.0
5, 3   2   0 ,QQQ,"Invesco QQQ Trust, Series 1n/a",2021-01-29 07:18:01.012766,3,2,0,0.5
13, 6   1   6 ,RBC,Regal Beloit CorporationConsumer Durables,2021-01-28 13:18:42.738858,6,1,6,
13, 6   1   6 ,RBC,Regal Beloit CorporationConsumer Durables,2021-01-28 14:45:46.981140,6,1,6,0.0
8, 2   0   6 ,RBC,Regal Beloit CorporationConsumer Durables,2021-01-28 18:46:07.069920,2,0,6,-0.6666666666666667
8, 2   0   6 ,RBC,Regal Beloit CorporationConsumer Durables,2021-01-28 18:57:36.935168,2,0,6,0.0
3, 2   1   0 ,RE,"Everest Re Group, Ltd.Finance",2021-01-28 06:47:30.585163,2,1,0,
3, 2   1   0 ,RE,"Everest Re Group, Ltd.Finance",2021-01-28 07:47:42.344612,2,1,0,0.0
9, 9   0   0 ,REAL,"The RealReal, Inc.Consumer Services",2021-01-27 15:51:25.629759,9,0,0,
6, 4   1   1 ,REAL,"The RealReal, Inc.Consumer Services",2021-01-28 06:47:30.585163,4,1,1,-0.5555555555555556
5, 3   1   1 ,REAL,"The RealReal, Inc.Consumer Services",2021-01-28 07:47:42.344612,3,1,1,-0.25
5, 3   1   1 ,REAL,"The RealReal, Inc.Consumer Services",2021-01-28 09:49:16.754258,3,1,1,0.0
3, 2   0   1 ,REAL,"The RealReal, Inc.Consumer Services",2021-01-28 13:18:42.738858,2,0,1,-0.33333333333333337
4, 2   1   1 ,REAL,"The RealReal, Inc.Consumer Services",2021-01-28 14:45:46.981140,2,1,1,0.0
5, 1   2   2 ,REAL,"The RealReal, Inc.Consumer Services",2021-01-28 18:46:07.069920,1,2,2,-0.5
5, 1   2   2 ,REAL,"The RealReal, Inc.Consumer Services",2021-01-28 18:57:36.935168,1,2,2,0.0
4, 2   1   1 ,REAL,"The RealReal, Inc.Consumer Services",2021-01-29 07:18:01.012766,2,1,1,1.0
3, 2   0   1 ,REI,"Ring Energy, Inc.Energy",2021-01-28 13:18:42.738858,2,0,1,
3, 2   0   1 ,REI,"Ring Energy, Inc.Energy",2021-01-28 14:45:46.981140,2,0,1,0.0
16, 11   1   4 ,RIDE,Lordstown Motors Corp.Capital Goods,2021-01-27 15:51:25.629759,11,1,4,
8, 4   2   2 ,RIDE,Lordstown Motors Corp.Capital Goods,2021-01-27 20:21:14.221254,4,2,2,-0.6363636363636364
8, 6   0   2 ,RIDE,Lordstown Motors Corp.Capital Goods,2021-01-28 06:47:30.585163,6,0,2,0.5
7, 5   0   2 ,RIDE,Lordstown Motors Corp.Capital Goods,2021-01-28 07:47:42.344612,5,0,2,-0.16666666666666663
5, 3   0   2 ,RIDE,Lordstown Motors Corp.Capital Goods,2021-01-28 09:49:16.754258,3,0,2,-0.4
4, 3   1   0 ,RIDE,Lordstown Motors Corp.Capital Goods,2021-01-28 13:18:42.738858,3,1,0,0.0
5, 3   1   1 ,RIDE,Lordstown Motors Corp.Capital Goods,2021-01-28 14:45:46.981140,3,1,1,0.0
8, 4   1   3 ,RIDE,Lordstown Motors Corp.Capital Goods,2021-01-28 18:46:07.069920,4,1,3,0.33333333333333326
8, 4   1   3 ,RIDE,Lordstown Motors Corp.Capital Goods,2021-01-28 18:57:36.935168,4,1,3,0.0
17, 6   2   9 ,RIDE,Lordstown Motors Corp.Capital Goods,2021-01-29 07:18:01.012766,6,2,9,0.5
4, 3   1   0 ,RIG,Transocean Ltd.Energy,2021-01-27 15:51:25.629759,3,1,0,
5, 1   2   2 ,RIOT,"Riot Blockchain, IncHealth Care",2021-01-29 07:18:01.012766,1,2,2,
17, 11   5   1 ,RKT,"Rocket Companies, Inc.Finance",2021-01-27 15:51:25.629759,11,5,1,
13, 6   3   4 ,RKT,"Rocket Companies, Inc.Finance",2021-01-27 20:21:14.221254,6,3,4,-0.4545454545454546
10, 5   4   1 ,RKT,"Rocket Companies, Inc.Finance",2021-01-28 06:47:30.585163,5,4,1,-0.16666666666666663
7, 3   3   1 ,RKT,"Rocket Companies, Inc.Finance",2021-01-28 07:47:42.344612,3,3,1,-0.4
7, 3   3   1 ,RKT,"Rocket Companies, Inc.Finance",2021-01-28 09:49:16.754258,3,3,1,0.0
3, 2   1   0 ,RKT,"Rocket Companies, Inc.Finance",2021-01-28 11:21:44.499556,2,1,0,-0.33333333333333337
10, 5   4   1 ,RKT,"Rocket Companies, Inc.Finance",2021-01-29 07:18:01.012766,5,4,1,1.5
3, 1   1   1 ,ROLL,RBC Bearings IncorporatedCapital Goods,2021-01-28 06:47:30.585163,1,1,1,
10, 6   3   1 ,RUN,Sunrun Inc.Capital Goods,2021-01-27 15:51:25.629759,6,3,1,
4, 4   0   0 ,RUN,Sunrun Inc.Capital Goods,2021-01-28 06:47:30.585163,4,0,0,-0.33333333333333337
4, 4   0   0 ,RUN,Sunrun Inc.Capital Goods,2021-01-28 07:47:42.344612,4,0,0,0.0
5, 5   0   0 ,RUN,Sunrun Inc.Capital Goods,2021-01-28 09:49:16.754258,5,0,0,0.25
4, 4   0   0 ,RUN,Sunrun Inc.Capital Goods,2021-01-28 11:21:44.499556,4,0,0,-0.19999999999999996
4, 3   1   0 ,RUN,Sunrun Inc.Capital Goods,2021-01-28 13:18:42.738858,3,1,0,-0.25
4, 3   1   0 ,RUN,Sunrun Inc.Capital Goods,2021-01-28 14:45:46.981140,3,1,0,0.0
3, 1   2   0 ,RUN,Sunrun Inc.Capital Goods,2021-01-28 18:46:07.069920,1,2,0,-0.6666666666666667
3, 2   1   0 ,RUN,Sunrun Inc.Capital Goods,2021-01-28 18:57:36.935168,2,1,0,1.0
4, 1   3   0 ,RUN,Sunrun Inc.Capital Goods,2021-01-29 07:18:01.012766,1,3,0,-0.5
10, 9   0   1 ,SAVE,"Spirit Airlines, Inc.Transportation",2021-01-27 15:51:25.629759,9,0,1,
4, 3   0   1 ,SAVE,"Spirit Airlines, Inc.Transportation",2021-01-27 20:21:14.221254,3,0,1,-0.6666666666666667
17, 15   0   2 ,SEE,Sealed Air CorporationBasic Industries,2021-01-27 15:51:25.629759,15,0,2,
6, 5   1   0 ,SEE,Sealed Air CorporationBasic Industries,2021-01-27 20:21:14.221254,5,1,0,-0.6666666666666667
9, 5   2   2 ,SEE,Sealed Air CorporationBasic Industries,2021-01-28 06:47:30.585163,5,2,2,0.0
7, 5   1   1 ,SEE,Sealed Air CorporationBasic Industries,2021-01-28 07:47:42.344612,5,1,1,0.0
7, 6   1   0 ,SEE,Sealed Air CorporationBasic Industries,2021-01-28 09:49:16.754258,6,1,0,0.19999999999999996
9, 6   2   1 ,SEE,Sealed Air CorporationBasic Industries,2021-01-28 11:21:44.499556,6,2,1,0.0
12, 6   3   3 ,SEE,Sealed Air CorporationBasic Industries,2021-01-28 13:18:42.738858,6,3,3,0.0
14, 6   4   4 ,SEE,Sealed Air CorporationBasic Industries,2021-01-28 14:45:46.981140,6,4,4,0.0
11, 4   3   4 ,SEE,Sealed Air CorporationBasic Industries,2021-01-28 18:46:07.069920,4,3,4,-0.33333333333333337
9, 4   2   3 ,SEE,Sealed Air CorporationBasic Industries,2021-01-28 18:57:36.935168,4,2,3,0.0
22, 11   1   10 ,SEE,Sealed Air CorporationBasic Industries,2021-01-29 07:18:01.012766,11,1,10,1.75
4, 4   0   0 ,SHIP,Seanergy Maritime Holdings CorpTransportation,2021-01-27 15:51:25.629759,4,0,0,
3, 1   2   0 ,SHIP,Seanergy Maritime Holdings CorpTransportation,2021-01-28 07:47:42.344612,1,2,0,-0.75
3, 1   2   0 ,SHIP,Seanergy Maritime Holdings CorpTransportation,2021-01-28 09:49:16.754258,1,2,0,0.0
4, 4   0   0 ,SHIP,Seanergy Maritime Holdings CorpTransportation,2021-01-29 07:18:01.012766,4,0,0,3.0
4, 0   0   4 ,SI,Silvergate Capital CorporationFinance,2021-01-27 15:51:25.629759,0,0,4,
8, 2   2   4 ,SI,Silvergate Capital CorporationFinance,2021-01-27 20:21:14.221254,2,2,4,inf
4, 1   1   2 ,SI,Silvergate Capital CorporationFinance,2021-01-28 06:47:30.585163,1,1,2,-0.5
4, 1   1   2 ,SI,Silvergate Capital CorporationFinance,2021-01-28 07:47:42.344612,1,1,2,0.0
3, 1   1   1 ,SI,Silvergate Capital CorporationFinance,2021-01-28 09:49:16.754258,1,1,1,0.0
3, 2   0   1 ,SI,Silvergate Capital CorporationFinance,2021-01-28 14:45:46.981140,2,0,1,1.0
4, 2   1   1 ,SI,Silvergate Capital CorporationFinance,2021-01-28 18:46:07.069920,2,1,1,0.0
3, 2   1   0 ,SI,Silvergate Capital CorporationFinance,2021-01-28 18:57:36.935168,2,1,0,0.0
3, 1   2   0 ,SI,Silvergate Capital CorporationFinance,2021-01-29 07:18:01.012766,1,2,0,-0.5
10, 5   2   3 ,SIRI,Sirius XM Holdings Inc.Consumer Services,2021-01-27 15:51:25.629759,5,2,3,
4, 1   1   2 ,SIRI,Sirius XM Holdings Inc.Consumer Services,2021-01-27 20:21:14.221254,1,1,2,-0.8
6, 1   0   5 ,SKT,"Tanger Factory Outlet Centers, Inc.Consumer Services",2021-01-27 15:51:25.629759,1,0,5,
7, 3   1   3 ,SKT,"Tanger Factory Outlet Centers, Inc.Consumer Services",2021-01-27 20:21:14.221254,3,1,3,2.0
3, 2   1   0 ,SKT,"Tanger Factory Outlet Centers, Inc.Consumer Services",2021-01-28 18:46:07.069920,2,1,0,-0.33333333333333337
3, 2   1   0 ,SKT,"Tanger Factory Outlet Centers, Inc.Consumer Services",2021-01-28 18:57:36.935168,2,1,0,0.0
3, 0   1   2 ,SKY,Skyline Champion CorporationBasic Industries,2021-01-27 15:51:25.629759,0,1,2,
4, 2   0   2 ,SKY,Skyline Champion CorporationBasic Industries,2021-01-29 07:18:01.012766,2,0,2,inf
3, 2   1   0 ,SMH,VanEck Vectors Semiconductor ETFn/a,2021-01-28 11:21:44.499556,2,1,0,
4, 2   0   2 ,SMH,VanEck Vectors Semiconductor ETFn/a,2021-01-28 13:18:42.738858,2,0,2,0.0
4, 2   0   2 ,SMH,VanEck Vectors Semiconductor ETFn/a,2021-01-28 14:45:46.981140,2,0,2,0.0
128, 77   10   41 ,SNDL,Sundial Growers Inc.Consumer Durables,2021-01-27 15:51:25.629759,77,10,41,
48, 31   2   15 ,SNDL,Sundial Growers Inc.Consumer Durables,2021-01-27 20:21:14.221254,31,2,15,-0.5974025974025974
89, 53   12   24 ,SNDL,Sundial Growers Inc.Consumer Durables,2021-01-28 06:47:30.585163,53,12,24,0.7096774193548387
144, 81   26   37 ,SNDL,Sundial Growers Inc.Consumer Durables,2021-01-28 07:47:42.344612,81,26,37,0.5283018867924529
148, 83   27   38 ,SNDL,Sundial Growers Inc.Consumer Durables,2021-01-28 09:49:16.754258,83,27,38,0.024691358024691468
119, 63   26   30 ,SNDL,Sundial Growers Inc.Consumer Durables,2021-01-28 11:21:44.499556,63,26,30,-0.24096385542168675
40, 28   4   8 ,SNDL,Sundial Growers Inc.Consumer Durables,2021-01-28 13:18:42.738858,28,4,8,-0.5555555555555556
24, 19   2   3 ,SNDL,Sundial Growers Inc.Consumer Durables,2021-01-28 14:45:46.981140,19,2,3,-0.3214285714285714
10, 6   0   4 ,SNDL,Sundial Growers Inc.Consumer Durables,2021-01-28 18:46:07.069920,6,0,4,-0.6842105263157895
11, 7   0   4 ,SNDL,Sundial Growers Inc.Consumer Durables,2021-01-28 18:57:36.935168,7,0,4,0.16666666666666674
35, 21   3   11 ,SNDL,Sundial Growers Inc.Consumer Durables,2021-01-29 07:18:01.012766,21,3,11,2.0
3, 2   0   1 ,SOL,Renesola Ltd.Technology,2021-01-27 15:51:25.629759,2,0,1,
3, 1   0   2 ,SON,Sonoco Products CompanyConsumer Durables,2021-01-27 20:21:14.221254,1,0,2,
5, 1   4   0 ,SOS,SOS LimitedFinance,2021-01-27 20:21:14.221254,1,4,0,
3, 1   2   0 ,SOS,SOS LimitedFinance,2021-01-28 06:47:30.585163,1,2,0,0.0
3, 1   2   0 ,SOS,SOS LimitedFinance,2021-01-28 07:47:42.344612,1,2,0,0.0
35, 21   13   1 ,SPCE,"Virgin Galactic Holdings, Inc.Consumer Services",2021-01-27 15:51:25.629759,21,13,1,
38, 23   12   3 ,SPCE,"Virgin Galactic Holdings, Inc.Consumer Services",2021-01-27 20:21:14.221254,23,12,3,0.09523809523809534
24, 15   6   3 ,SPCE,"Virgin Galactic Holdings, Inc.Consumer Services",2021-01-28 06:47:30.585163,15,6,3,-0.34782608695652173
28, 17   7   4 ,SPCE,"Virgin Galactic Holdings, Inc.Consumer Services",2021-01-28 07:47:42.344612,17,7,4,0.1333333333333333
21, 12   7   2 ,SPCE,"Virgin Galactic Holdings, Inc.Consumer Services",2021-01-28 09:49:16.754258,12,7,2,-0.2941176470588235
15, 10   4   1 ,SPCE,"Virgin Galactic Holdings, Inc.Consumer Services",2021-01-28 11:21:44.499556,10,4,1,-0.16666666666666663
11, 7   3   1 ,SPCE,"Virgin Galactic Holdings, Inc.Consumer Services",2021-01-28 13:18:42.738858,7,3,1,-0.30000000000000004
8, 6   2   0 ,SPCE,"Virgin Galactic Holdings, Inc.Consumer Services",2021-01-28 14:45:46.981140,6,2,0,-0.1428571428571429
13, 9   4   0 ,SPCE,"Virgin Galactic Holdings, Inc.Consumer Services",2021-01-28 18:46:07.069920,9,4,0,0.5
13, 9   4   0 ,SPCE,"Virgin Galactic Holdings, Inc.Consumer Services",2021-01-28 18:57:36.935168,9,4,0,0.0
18, 10   7   1 ,SPCE,"Virgin Galactic Holdings, Inc.Consumer Services",2021-01-29 07:18:01.012766,10,7,1,0.11111111111111116
6, 3   2   1 ,SPWR,SunPower CorporationTechnology,2021-01-27 15:51:25.629759,3,2,1,
4, 3   1   0 ,SPWR,SunPower CorporationTechnology,2021-01-27 20:21:14.221254,3,1,0,0.0
4, 3   1   0 ,SPWR,SunPower CorporationTechnology,2021-01-28 06:47:30.585163,3,1,0,0.0
4, 3   1   0 ,SPWR,SunPower CorporationTechnology,2021-01-28 07:47:42.344612,3,1,0,0.0
6, 3   1   2 ,SQ,"Square, Inc.Technology",2021-01-28 06:47:30.585163,3,1,2,
6, 3   1   2 ,SQ,"Square, Inc.Technology",2021-01-28 07:47:42.344612,3,1,2,0.0
4, 3   0   1 ,SQ,"Square, Inc.Technology",2021-01-28 11:21:44.499556,3,0,1,0.0
4, 3   0   1 ,SQ,"Square, Inc.Technology",2021-01-28 13:18:42.738858,3,0,1,0.0
3, 2   0   1 ,SQ,"Square, Inc.Technology",2021-01-28 14:45:46.981140,2,0,1,-0.33333333333333337
13, 10   3   0 ,SRNE,"Sorrento Therapeutics, Inc.Health Care",2021-01-27 15:51:25.629759,10,3,0,
5, 2   2   1 ,SRNE,"Sorrento Therapeutics, Inc.Health Care",2021-01-27 20:21:14.221254,2,2,1,-0.8
5, 3   0   2 ,SRNE,"Sorrento Therapeutics, Inc.Health Care",2021-01-28 06:47:30.585163,3,0,2,0.5
5, 3   0   2 ,SRNE,"Sorrento Therapeutics, Inc.Health Care",2021-01-28 07:47:42.344612,3,0,2,0.0
4, 2   0   2 ,SRNE,"Sorrento Therapeutics, Inc.Health Care",2021-01-28 09:49:16.754258,2,0,2,-0.33333333333333337
3, 3   0   0 ,ST,Sensata Technologies Holding plcCapital Goods,2021-01-28 13:18:42.738858,3,0,0,
3, 3   0   0 ,ST,Sensata Technologies Holding plcCapital Goods,2021-01-28 14:45:46.981140,3,0,0,0.0
13, 7   2   4 ,STAY,"Extended Stay America, Inc.Consumer Services",2021-01-27 15:51:25.629759,7,2,4,
7, 2   1   4 ,STAY,"Extended Stay America, Inc.Consumer Services",2021-01-27 20:21:14.221254,2,1,4,-0.7142857142857143
10, 6   2   2 ,STAY,"Extended Stay America, Inc.Consumer Services",2021-01-28 06:47:30.585163,6,2,2,2.0
12, 8   2   2 ,STAY,"Extended Stay America, Inc.Consumer Services",2021-01-28 07:47:42.344612,8,2,2,0.33333333333333326
11, 8   1   2 ,STAY,"Extended Stay America, Inc.Consumer Services",2021-01-28 09:49:16.754258,8,1,2,0.0
12, 6   2   4 ,STAY,"Extended Stay America, Inc.Consumer Services",2021-01-28 11:21:44.499556,6,2,4,-0.25
15, 8   3   4 ,STAY,"Extended Stay America, Inc.Consumer Services",2021-01-28 13:18:42.738858,8,3,4,0.33333333333333326
14, 7   2   5 ,STAY,"Extended Stay America, Inc.Consumer Services",2021-01-28 14:45:46.981140,7,2,5,-0.125
18, 11   1   6 ,STAY,"Extended Stay America, Inc.Consumer Services",2021-01-28 18:46:07.069920,11,1,6,0.5714285714285714
21, 14   1   6 ,STAY,"Extended Stay America, Inc.Consumer Services",2021-01-28 18:57:36.935168,14,1,6,0.2727272727272727
13, 11   2   0 ,STAY,"Extended Stay America, Inc.Consumer Services",2021-01-29 07:18:01.012766,11,2,0,-0.2142857142857143
3, 1   0   2 ,STEP,StepStone Group Inc.Finance,2021-01-28 18:46:07.069920,1,0,2,
4, 2   0   2 ,STEP,StepStone Group Inc.Finance,2021-01-28 18:57:36.935168,2,0,2,1.0
37, 7   10   20 ,TD,Toronto Dominion Bank (The)Finance,2021-01-27 15:51:25.629759,7,10,20,
41, 5   12   24 ,TD,Toronto Dominion Bank (The)Finance,2021-01-27 20:21:14.221254,5,12,24,-0.2857142857142857
58, 8   15   35 ,TD,Toronto Dominion Bank (The)Finance,2021-01-28 06:47:30.585163,8,15,35,0.6000000000000001
64, 15   13   36 ,TD,Toronto Dominion Bank (The)Finance,2021-01-28 07:47:42.344612,15,13,36,0.875
71, 15   11   45 ,TD,Toronto Dominion Bank (The)Finance,2021-01-28 09:49:16.754258,15,11,45,0.0
136, 27   13   96 ,TD,Toronto Dominion Bank (The)Finance,2021-01-28 11:21:44.499556,27,13,96,0.8
203, 48   12   143 ,TD,Toronto Dominion Bank (The)Finance,2021-01-28 13:18:42.738858,48,12,143,0.7777777777777777
244, 48   16   180 ,TD,Toronto Dominion Bank (The)Finance,2021-01-28 14:45:46.981140,48,16,180,0.0
190, 19   12   159 ,TD,Toronto Dominion Bank (The)Finance,2021-01-28 18:46:07.069920,19,12,159,-0.6041666666666667
190, 18   12   160 ,TD,Toronto Dominion Bank (The)Finance,2021-01-28 18:57:36.935168,18,12,160,-0.052631578947368474
76, 10   10   56 ,TD,Toronto Dominion Bank (The)Finance,2021-01-29 07:18:01.012766,10,10,56,-0.4444444444444444
12, 1   6   5 ,TDA,"Telephone and Data Systems, Inc.Public Utilities",2021-01-27 15:51:25.629759,1,6,5,
15, 3   5   7 ,TDA,"Telephone and Data Systems, Inc.Public Utilities",2021-01-27 20:21:14.221254,3,5,7,2.0
17, 3   3   11 ,TDA,"Telephone and Data Systems, Inc.Public Utilities",2021-01-28 06:47:30.585163,3,3,11,0.0
15, 3   3   9 ,TDA,"Telephone and Data Systems, Inc.Public Utilities",2021-01-28 07:47:42.344612,3,3,9,0.0
13, 3   2   8 ,TDA,"Telephone and Data Systems, Inc.Public Utilities",2021-01-28 09:49:16.754258,3,2,8,0.0
17, 5   2   10 ,TDA,"Telephone and Data Systems, Inc.Public Utilities",2021-01-28 11:21:44.499556,5,2,10,0.6666666666666667
28, 8   4   16 ,TDA,"Telephone and Data Systems, Inc.Public Utilities",2021-01-28 13:18:42.738858,8,4,16,0.6000000000000001
44, 9   5   30 ,TDA,"Telephone and Data Systems, Inc.Public Utilities",2021-01-28 14:45:46.981140,9,5,30,0.125
51, 6   7   38 ,TDA,"Telephone and Data Systems, Inc.Public Utilities",2021-01-28 18:46:07.069920,6,7,38,-0.33333333333333337
47, 6   5   36 ,TDA,"Telephone and Data Systems, Inc.Public Utilities",2021-01-28 18:57:36.935168,6,5,36,0.0
13, 3   2   8 ,TDA,"Telephone and Data Systems, Inc.Public Utilities",2021-01-29 07:18:01.012766,3,2,8,-0.5
7, 2   3   2 ,TEAM,Atlassian Corporation PlcTechnology,2021-01-27 15:51:25.629759,2,3,2,
4, 3   1   0 ,TEAM,Atlassian Corporation PlcTechnology,2021-01-28 06:47:30.585163,3,1,0,0.5
5, 2   0   3 ,TELL,Tellurian Inc.Energy,2021-01-27 15:51:25.629759,2,0,3,
4, 2   0   2 ,TELL,Tellurian Inc.Energy,2021-01-27 20:21:14.221254,2,0,2,0.0
5, 2   1   2 ,TELL,Tellurian Inc.Energy,2021-01-28 18:46:07.069920,2,1,2,0.0
5, 2   1   2 ,TELL,Tellurian Inc.Energy,2021-01-28 18:57:36.935168,2,1,2,0.0
11, 4   4   3 ,TELL,Tellurian Inc.Energy,2021-01-29 07:18:01.012766,4,4,3,1.0
3, 2   1   0 ,TLRY,"Tilray, Inc.Consumer Durables",2021-01-27 20:21:14.221254,2,1,0,
4, 3   1   0 ,TLRY,"Tilray, Inc.Consumer Durables",2021-01-28 06:47:30.585163,3,1,0,0.5
3, 1   1   1 ,TLRY,"Tilray, Inc.Consumer Durables",2021-01-28 07:47:42.344612,1,1,1,-0.6666666666666667
3, 1   1   1 ,TLRY,"Tilray, Inc.Consumer Durables",2021-01-28 13:18:42.738858,1,1,1,0.0
3, 3   0   0 ,TOWN,Towne Bankn/a,2021-01-29 07:18:01.012766,3,0,0,
9, 3   1   5 ,TR,"Tootsie Roll Industries, Inc.Consumer Non-Durables",2021-01-27 15:51:25.629759,3,1,5,
12, 4   1   7 ,TR,"Tootsie Roll Industries, Inc.Consumer Non-Durables",2021-01-27 20:21:14.221254,4,1,7,0.33333333333333326
6, 5   0   1 ,TR,"Tootsie Roll Industries, Inc.Consumer Non-Durables",2021-01-28 06:47:30.585163,5,0,1,0.25
5, 2   0   3 ,TR,"Tootsie Roll Industries, Inc.Consumer Non-Durables",2021-01-29 07:18:01.012766,2,0,3,-0.6
4, 2   0   2 ,TRUE,"TrueCar, Inc.Technology",2021-01-27 15:51:25.629759,2,0,2,
4, 1   0   3 ,TRUE,"TrueCar, Inc.Technology",2021-01-27 20:21:14.221254,1,0,3,-0.5
3, 2   0   1 ,TRUE,"TrueCar, Inc.Technology",2021-01-28 18:46:07.069920,2,0,1,1.0
3, 2   0   1 ,TRUE,"TrueCar, Inc.Technology",2021-01-28 18:57:36.935168,2,0,1,0.0
15, 12   3   0 ,TRVG,trivago N.V.Technology,2021-01-27 15:51:25.629759,12,3,0,
3, 3   0   0 ,TRVG,trivago N.V.Technology,2021-01-28 06:47:30.585163,3,0,0,-0.75
3, 3   0   0 ,TRVG,trivago N.V.Technology,2021-01-28 07:47:42.344612,3,0,0,0.0
3, 3   0   0 ,TRVG,trivago N.V.Technology,2021-01-28 09:49:16.754258,3,0,0,0.0
57, 29   22   6 ,TSLA,"Tesla, Inc. Capital Goods",2021-01-27 15:51:25.629759,29,22,6,
53, 24   16   13 ,TSLA,"Tesla, Inc. Capital Goods",2021-01-27 20:21:14.221254,24,16,13,-0.1724137931034483
39, 23   14   2 ,TSLA,"Tesla, Inc. Capital Goods",2021-01-28 06:47:30.585163,23,14,2,-0.04166666666666663
31, 21   8   2 ,TSLA,"Tesla, Inc. Capital Goods",2021-01-28 07:47:42.344612,21,8,2,-0.08695652173913049
15, 11   3   1 ,TSLA,"Tesla, Inc. Capital Goods",2021-01-28 09:49:16.754258,11,3,1,-0.47619047619047616
10, 8   1   1 ,TSLA,"Tesla, Inc. Capital Goods",2021-01-28 11:21:44.499556,8,1,1,-0.2727272727272727
14, 9   0   5 ,TSLA,"Tesla, Inc. Capital Goods",2021-01-28 13:18:42.738858,9,0,5,0.125
14, 7   1   6 ,TSLA,"Tesla, Inc. Capital Goods",2021-01-28 14:45:46.981140,7,1,6,-0.2222222222222222
19, 11   4   4 ,TSLA,"Tesla, Inc. Capital Goods",2021-01-28 18:46:07.069920,11,4,4,0.5714285714285714
16, 10   4   2 ,TSLA,"Tesla, Inc. Capital Goods",2021-01-28 18:57:36.935168,10,4,2,-0.09090909090909094
18, 10   5   3 ,TSLA,"Tesla, Inc. Capital Goods",2021-01-29 07:18:01.012766,10,5,3,0.0
4, 2   2   0 ,TURN,180 Degree Capital Corp.Finance,2021-01-27 15:51:25.629759,2,2,0,
3, 3   0   0 ,TURN,180 Degree Capital Corp.Finance,2021-01-28 07:47:42.344612,3,0,0,0.5
4, 4   0   0 ,TURN,180 Degree Capital Corp.Finance,2021-01-28 09:49:16.754258,4,0,0,0.33333333333333326
4, 4   0   0 ,TURN,180 Degree Capital Corp.Finance,2021-01-28 11:21:44.499556,4,0,0,0.0
4, 4   0   0 ,TURN,180 Degree Capital Corp.Finance,2021-01-28 13:18:42.738858,4,0,0,0.0
5, 3   0   2 ,TV,Grupo Televisa S.A.Consumer Services,2021-01-27 15:51:25.629759,3,0,2,
9, 4   1   4 ,TV,Grupo Televisa S.A.Consumer Services,2021-01-27 20:21:14.221254,4,1,4,0.33333333333333326
6, 2   0   4 ,TV,Grupo Televisa S.A.Consumer Services,2021-01-28 06:47:30.585163,2,0,4,-0.5
6, 2   0   4 ,TV,Grupo Televisa S.A.Consumer Services,2021-01-28 07:47:42.344612,2,0,4,0.0
3, 1   0   2 ,TV,Grupo Televisa S.A.Consumer Services,2021-01-28 09:49:16.754258,1,0,2,-0.5
4, 1   0   3 ,TV,Grupo Televisa S.A.Consumer Services,2021-01-28 13:18:42.738858,1,0,3,0.0
6, 1   1   4 ,TV,Grupo Televisa S.A.Consumer Services,2021-01-28 14:45:46.981140,1,1,4,0.0
12, 1   4   7 ,TV,Grupo Televisa S.A.Consumer Services,2021-01-28 18:46:07.069920,1,4,7,0.0
12, 1   4   7 ,TV,Grupo Televisa S.A.Consumer Services,2021-01-28 18:57:36.935168,1,4,7,0.0
10, 1   1   8 ,TV,Grupo Televisa S.A.Consumer Services,2021-01-29 07:18:01.012766,1,1,8,0.0
3, 2   0   1 ,TXMD,"TherapeuticsMD, Inc.Health Care",2021-01-28 07:47:42.344612,2,0,1,
3, 2   0   1 ,TXMD,"TherapeuticsMD, Inc.Health Care",2021-01-28 09:49:16.754258,2,0,1,0.0
3, 3   0   0 ,UAL,"United Airlines Holdings, Inc.Transportation",2021-01-29 07:18:01.012766,3,0,0,
3, 2   1   0 ,UBER,"Uber Technologies, Inc.Miscellaneous",2021-01-27 15:51:25.629759,2,1,0,
12, 2   0   10 ,UI,Ubiquiti Inc.Technology,2021-01-28 18:46:07.069920,2,0,10,
12, 2   0   10 ,UI,Ubiquiti Inc.Technology,2021-01-28 18:57:36.935168,2,0,10,0.0
3, 1   1   1 ,UI,Ubiquiti Inc.Technology,2021-01-29 07:18:01.012766,1,1,1,-0.5
3, 0   2   1 ,VALE,VALE S.A.Basic Industries,2021-01-27 15:51:25.629759,0,2,1,
3, 3   0   0 ,VALE,VALE S.A.Basic Industries,2021-01-28 13:18:42.738858,3,0,0,inf
3, 3   0   0 ,VALE,VALE S.A.Basic Industries,2021-01-28 14:45:46.981140,3,0,0,0.0
3, 2   0   1 ,VIR,"Vir Biotechnology, Inc.Health Care",2021-01-28 07:47:42.344612,2,0,1,
3, 2   0   1 ,VIR,"Vir Biotechnology, Inc.Health Care",2021-01-28 09:49:16.754258,2,0,1,0.0
4, 3   0   1 ,VIR,"Vir Biotechnology, Inc.Health Care",2021-01-28 11:21:44.499556,3,0,1,0.5
5, 5   0   0 ,VIR,"Vir Biotechnology, Inc.Health Care",2021-01-28 13:18:42.738858,5,0,0,0.6666666666666667
4, 4   0   0 ,VIR,"Vir Biotechnology, Inc.Health Care",2021-01-28 14:45:46.981140,4,0,0,-0.19999999999999996
3, 1   1   1 ,VTNR,"Vertex Energy, IncEnergy",2021-01-27 15:51:25.629759,1,1,1,
5, 4   0   1 ,WELL,Welltower Inc.Consumer Services,2021-01-27 15:51:25.629759,4,0,1,
4, 2   1   1 ,WELL,Welltower Inc.Consumer Services,2021-01-27 20:21:14.221254,2,1,1,-0.5
7, 5   1   1 ,WELL,Welltower Inc.Consumer Services,2021-01-28 06:47:30.585163,5,1,1,1.5
6, 4   1   1 ,WELL,Welltower Inc.Consumer Services,2021-01-28 07:47:42.344612,4,1,1,-0.19999999999999996
5, 3   1   1 ,WELL,Welltower Inc.Consumer Services,2021-01-28 09:49:16.754258,3,1,1,-0.25
4, 0   3   1 ,WELL,Welltower Inc.Consumer Services,2021-01-28 11:21:44.499556,0,3,1,-1.0
5, 2   2   1 ,WELL,Welltower Inc.Consumer Services,2021-01-28 13:18:42.738858,2,2,1,inf
6, 3   2   1 ,WELL,Welltower Inc.Consumer Services,2021-01-28 14:45:46.981140,3,2,1,0.5
6, 5   0   1 ,WELL,Welltower Inc.Consumer Services,2021-01-28 18:46:07.069920,5,0,1,0.6666666666666667
6, 5   0   1 ,WELL,Welltower Inc.Consumer Services,2021-01-28 18:57:36.935168,5,0,1,0.0
5, 3   1   1 ,WELL,Welltower Inc.Consumer Services,2021-01-29 07:18:01.012766,3,1,1,-0.4
6, 3   1   2 ,WKHS,"Workhorse Group, Inc.Capital Goods",2021-01-27 15:51:25.629759,3,1,2,
3, 2   0   1 ,WKHS,"Workhorse Group, Inc.Capital Goods",2021-01-28 06:47:30.585163,2,0,1,-0.33333333333333337
14, 14   0   0 ,WORK,"Slack Technologies, Inc.Technology",2021-01-27 15:51:25.629759,14,0,0,
3, 2   0   1 ,WORK,"Slack Technologies, Inc.Technology",2021-01-27 20:21:14.221254,2,0,1,-0.8571428571428572
6, 2   1   3 ,WORK,"Slack Technologies, Inc.Technology",2021-01-28 06:47:30.585163,2,1,3,0.0
5, 2   0   3 ,WORK,"Slack Technologies, Inc.Technology",2021-01-28 07:47:42.344612,2,0,3,0.0
5, 2   0   3 ,WORK,"Slack Technologies, Inc.Technology",2021-01-28 09:49:16.754258,2,0,3,0.0
9, 6   2   1 ,WORK,"Slack Technologies, Inc.Technology",2021-01-29 07:18:01.012766,6,2,1,2.0
4, 0   2   2 ,WOW,"WideOpenWest, Inc.Consumer Services",2021-01-27 15:51:25.629759,0,2,2,
3, 2   1   0 ,XPEV,XPeng Inc.Capital Goods,2021-01-28 06:47:30.585163,2,1,0,
9, 4   0   5 ,XSPA,"XpresSpa Group, Inc. Consumer Services",2021-01-27 15:51:25.629759,4,0,5,
10, 3   3   4 ,XSPA,"XpresSpa Group, Inc. Consumer Services",2021-01-27 20:21:14.221254,3,3,4,-0.25
6, 1   1   4 ,XSPA,"XpresSpa Group, Inc. Consumer Services",2021-01-28 06:47:30.585163,1,1,4,-0.6666666666666667
6, 1   1   4 ,XSPA,"XpresSpa Group, Inc. Consumer Services",2021-01-28 07:47:42.344612,1,1,4,0.0
5, 1   1   3 ,XSPA,"XpresSpa Group, Inc. Consumer Services",2021-01-28 09:49:16.754258,1,1,3,0.0
4, 1   1   2 ,XSPA,"XpresSpa Group, Inc. Consumer Services",2021-01-28 11:21:44.499556,1,1,2,0.0
4, 4   0   0 ,ZNGA,Zynga Inc.Technology,2021-01-27 15:51:25.629759,4,0,0,
7, 5   1   1 ,ZOM,Zomedica Corp.Health Care,2021-01-27 15:51:25.629759,5,1,1,
5, 3   0   2 ,ZOM,Zomedica Corp.Health Care,2021-01-28 06:47:30.585163,3,0,2,-0.4
7, 4   0   3 ,ZOM,Zomedica Corp.Health Care,2021-01-28 07:47:42.344612,4,0,3,0.33333333333333326
7, 4   0   3 ,ZOM,Zomedica Corp.Health Care,2021-01-28 09:49:16.754258,4,0,3,0.0
5, 3   0   2 ,ZOM,Zomedica Corp.Health Care,2021-01-28 11:21:44.499556,3,0,2,-0.25
